{
  "tutorial:tutorial/oakplanks": {
    "criteria": {
      "Obtain Oak Wood Planks": "2023-07-02 00:54:01 +0100"
    },
    "done": false
  },
  "sf4:age1/complete": {
    "criteria": {
      "Completed OinkTree§r": "2023-07-02 23:01:12 +0100",
      "Completed Tin Man§r": "2023-07-02 12:48:34 +0100",
      "Completed Air Fryer§r": "2023-07-02 01:02:21 +0100",
      "Completed Silver Spoon§r": "2023-07-02 17:10:26 +0100",
      "Completed That\u0027s Dir-tree§r": "2023-07-02 00:53:38 +0100",
      "Completed You Cotton Be Kidding Me§r": "2023-07-02 01:50:39 +0100",
      "Completed Sticky Keys§r": "2023-07-02 00:58:47 +0100",
      "Completed Stone Crook§r": "2023-07-02 22:15:08 +0100",
      "Completed Water You Waiting For?§r": "2023-07-02 01:22:12 +0100",
      "Completed Silver Surfer§r": "2023-07-02 17:07:34 +0100",
      "Completed Break a Leg§r": "2023-07-02 12:44:17 +0100",
      "Completed This Tree is Forever§r": "2023-07-02 22:12:43 +0100",
      "Completed Blue Man Group§r": "2023-07-02 22:12:02 +0100",
      "Completed I Love Lucy§r": "2023-07-02 01:12:56 +0100",
      "Completed Hotbois§r": "2023-07-02 22:15:55 +0100",
      "Completed Palm Trees§r": "2023-07-02 01:18:41 +0100",
      "Completed Root": "2023-07-02 00:45:05 +0100",
      "Completed It\u0027s Tin This Pack§r": "2023-07-02 12:49:57 +0100",
      "Completed Nap Time§r": "2023-07-02 12:47:41 +0100",
      "Completed D\u0027OH!§r": "2023-07-02 23:17:18 +0100",
      "Completed Trees to Diamonds§r": "2023-07-02 20:27:20 +0100",
      "Completed Captain Hook§r": "2023-07-02 22:14:53 +0100",
      "Completed Cobble Cobble§r": "2023-07-02 12:22:27 +0100",
      "Completed Not a Helmet§r": "2023-07-02 22:11:02 +0100",
      "Completed Study in the Dark Arts§r": "2023-07-02 02:32:23 +0100",
      "Completed It\u0027s Electric§r": "2023-07-02 22:11:21 +0100",
      "Completed Dirty Dancing§r": "2023-07-02 00:56:04 +0100",
      "Completed Amber is the Color of my Dinosaur§r": "2023-07-02 02:16:42 +0100",
      "Completed SkyFactory 4§r": "2023-07-02 00:45:05 +0100",
      "Completed Don\u0027t Sieve on Me§r": "2023-07-02 01:15:51 +0100",
      "Completed Hog Tied§r": "2023-07-02 22:57:43 +0100",
      "Completed Lead Zeppelin§r": "2023-07-02 16:47:16 +0100",
      "Completed Lead it Go§r": "2023-07-02 16:45:22 +0100",
      "Completed Bubble, Bubble§r": "2023-07-02 01:09:20 +0100",
      "Completed One Shiny Boi§r": "2023-07-02 16:53:44 +0100",
      "Completed Money Grows on Trees§r": "2023-07-02 16:54:52 +0100",
      "Completed Slop in the Bucket§r": "2023-07-02 01:22:00 +0100",
      "Completed You Cotton Something?§r": "2023-07-02 01:56:44 +0100",
      "Completed On the Rocks§r": "2023-07-02 02:13:50 +0100",
      "Completed Starting from the Bottom§r": "2023-07-02 00:53:18 +0100",
      "Completed COALateral Damage§r": "2023-07-02 02:15:37 +0100",
      "Completed Oh, the Irony§r": "2023-07-02 12:23:35 +0100",
      "Completed Ironwood§r": "2023-07-02 12:25:45 +0100",
      "Completed Hardwood§r": "2023-07-02 01:04:00 +0100",
      "Completed Sixteen Tons§r": "2023-07-02 02:04:48 +0100",
      "Prestige Mode": "2023-07-02 22:38:27 +0100",
      "Completed Eating Dirt§r": "2023-07-02 01:45:06 +0100",
      "Completed Stop Slabbing Yourself§r": "2023-07-02 22:13:35 +0100",
      "Completed Clay Aiken§r": "2023-07-02 01:07:47 +0100",
      "Completed I\u0027ve Been Slimed§r": "2023-07-02 22:12:17 +0100",
      "Completed I Don\u0027t Know§r": "2023-07-02 20:47:19 +0100"
    },
    "done": true
  },
  "sf4:age1/sapling/bacon": {
    "criteria": {
      "Completed Root": "2023-07-02 00:45:05 +0100",
      "Obtain Bacon Sapling": "2023-07-02 23:01:12 +0100"
    },
    "done": true
  },
  "twilightforest:alt/treasures/trophies": {
    "criteria": {
      "1": "2023-07-07 22:16:12 +0100"
    },
    "done": true
  },
  "sf4:age1/nonpacifist": {
    "criteria": {
      "superflat2": "2023-07-02 00:45:06 +0100",
      "superflat32": "2023-07-02 00:45:06 +0100",
      "Completed Root": "2023-07-02 00:45:05 +0100"
    },
    "done": true
  },
  "sf4:age1/sapling/redstone": {
    "criteria": {
      "Completed Root": "2023-07-02 00:45:05 +0100",
      "Obtain Redstone Sapling": "2023-07-02 22:11:21 +0100"
    },
    "done": true
  },
  "twilightforest:progress_naga": {
    "criteria": {
      "kill_mob": "2023-07-07 22:06:52 +0100",
      "naga": "2023-07-07 22:16:12 +0100"
    },
    "done": true
  },
  "sf4:age_enhancement/cast": {
    "criteria": {
      "Obtain Metal Pickaxe Head Cast": "2023-07-03 22:28:09 +0100"
    },
    "done": true
  },
  "sf4:age_enhancement/weirdinggadget": {
    "criteria": {
      "Obtain Weirding Gadget": "2023-07-09 10:56:25 +0100"
    },
    "done": true
  },
  "tutorial:tutorial/copied/sandsapling": {
    "criteria": {
      "Obtain Sand Sapling": "2023-07-02 01:18:41 +0100"
    },
    "done": false
  },
  "sf4:age_farming/sprinkler": {
    "criteria": {
      "Obtain Sprinkler": "2023-07-06 17:47:35 +0100"
    },
    "done": true
  },
  "sf4:age1/slabs": {
    "criteria": {
      "Obtain Workbench Slab": "2023-07-02 22:13:35 +0100",
      "Completed Root": "2023-07-02 00:45:05 +0100"
    },
    "done": true
  },
  "sf4:age1/lavasource": {
    "criteria": {
      "Completed SkyFactory 4§r": "2023-07-02 00:45:05 +0100",
      "Completed Root": "2023-07-02 00:45:05 +0100"
    },
    "done": false
  },
  "sf4:age_exploration/nether": {
    "criteria": {
      "Entered Nether": "2023-07-02 20:30:21 +0100"
    },
    "done": true
  },
  "tutorial:tutorial/copied/resourcehogs": {
    "criteria": {
      "Obtain Cobblestone Mud": "2023-07-02 22:57:43 +0100"
    },
    "done": false
  },
  "hardcore:hardcore/forgivingvoid": {
    "criteria": {
      "Completed Age of Exploration§r": "2023-07-02 00:45:05 +0100",
      "Obtain Elytra": "2023-07-06 23:38:13 +0100"
    },
    "done": false
  },
  "sf4:age_enhancement/completenoprestige": {
    "criteria": {
      "Prestige Mode Disabled": "2023-07-02 00:45:05 +0100",
      "Completed Gotta Go Fast§r": "2023-07-08 02:40:15 +0100",
      "Completed Better With Mods§r": "2023-07-03 22:35:04 +0100",
      "Completed Tim the Tool Man Taylor§r": "2023-07-06 22:47:44 +0100",
      "Completed Pattern Me, Sir§r": "2023-07-06 22:48:03 +0100",
      "Completed Forging Ahead§r": "2023-07-06 22:47:37 +0100",
      "Completed Keep It Between the Lines§r": "2023-07-03 22:07:01 +0100",
      "Completed Weirdly Mesmerizing§r": "2023-07-09 10:56:25 +0100",
      "Completed Suit Up§r": "2023-07-06 22:47:40 +0100",
      "Completed Ding!§r": "2023-07-03 22:42:48 +0100",
      "Completed Rolling into the Station§r": "2023-07-03 22:07:18 +0100",
      "Completed It\u0027s Over 20!§r": "2023-07-03 22:48:11 +0100",
      "Completed Age of Enhancement§r": "2023-07-02 00:45:05 +0100",
      "Completed Sign My Cast§r": "2023-07-03 22:28:09 +0100",
      "Completed An Enchanting Evening§r": "2023-07-02 23:01:39 +0100",
      "Completed Storage Wars§r": "2023-07-02 20:32:02 +0100",
      "Completed Eat Your Heart Out§r": "2023-07-07 23:13:18 +0100",
      "Completed Unbroken§r": "2023-07-06 21:58:57 +0100"
    },
    "done": false
  },
  "tutorial:tutorial/copied/goldsapling": {
    "criteria": {
      "Obtain Gold Sapling": "2023-07-02 16:54:52 +0100"
    },
    "done": false
  },
  "sf4:age_enhancement/armorforge": {
    "criteria": {
      "Obtain Armor Forge": "2023-07-06 22:47:40 +0100"
    },
    "done": true
  },
  "tutorial:tutorial/copied/slabs": {
    "criteria": {
      "Obtain Chest Slab": "2023-07-02 22:14:00 +0100",
      "Obtain Workbench Slab": "2023-07-02 22:13:35 +0100",
      "Obtain Furnace Slab": "2023-07-02 22:13:52 +0100",
      "Obtain Crafting Station Slab": "2023-07-02 22:14:12 +0100"
    },
    "done": false
  },
  "twilightforest:alt/biomes/general_biomes": {
    "criteria": {
      "3": "2023-07-07 21:59:00 +0100"
    },
    "done": true
  },
  "sf4:age1/cauldron": {
    "criteria": {
      "Completed Root": "2023-07-02 00:45:05 +0100",
      "Obtain a Cauldron": "2023-07-02 01:09:20 +0100"
    },
    "done": true
  },
  "sf4:age1/cobblestone_generator": {
    "criteria": {
      "Completed Root": "2023-07-02 00:45:05 +0100",
      "Open Chest Filled with Cobblestone": "2023-07-02 12:22:27 +0100"
    },
    "done": true
  },
  "tutorial:tutorial/copied/cobblestone": {
    "criteria": {
      "Obtain Cobblestone Block": "2023-07-02 02:13:50 +0100"
    },
    "done": false
  },
  "sf4:age1/crushing_tub": {
    "criteria": {
      "Obtain Crushing Tub": "2023-07-02 01:12:56 +0100",
      "Completed Root": "2023-07-02 00:45:05 +0100"
    },
    "done": true
  },
  "sf4:age1/prestige_notify": {
    "criteria": {
      "Completed Root": "2023-07-02 00:45:05 +0100",
      "stage": "2023-07-02 22:38:27 +0100"
    },
    "done": true
  },
  "tutorial:tutorial/petrifiedacorn": {
    "criteria": {
      "Obtain Oak Wood Planks": "2023-07-02 01:02:31 +0100"
    },
    "done": false
  },
  "twilightforest:alt/entities/naga": {
    "criteria": {
      "hurt": "2023-07-07 22:15:55 +0100"
    },
    "done": true
  },
  "tutorial:tutorial/woodencrook": {
    "criteria": {
      "Obtain a Wooden Crook": "2023-07-02 22:14:53 +0100"
    },
    "done": false
  },
  "sf4:age1/sapling/donut": {
    "criteria": {
      "Completed Root": "2023-07-02 00:45:05 +0100",
      "Obtain Donut Sapling": "2023-07-02 23:17:17 +0100"
    },
    "done": true
  },
  "tutorial:tutorial/copied/ironsapling": {
    "criteria": {
      "Obtain Iron Sapling": "2023-07-02 12:25:45 +0100"
    },
    "done": false
  },
  "sf4:age_farming/fertilesoil": {
    "criteria": {
      "Obtain Fertile Soil": "2023-07-09 10:57:17 +0100"
    },
    "done": true
  },
  "sf4:age_power/completenoprestige": {
    "criteria": {
      "Prestige Mode Disabled": "2023-07-02 00:45:05 +0100",
      "Completed The Study Guide§r": "2023-07-06 22:19:11 +0100",
      "Completed What the Heck?!§r": "2023-07-09 10:55:13 +0100",
      "Completed Extraction, Extraction, Read All About It!§r": "2023-07-06 22:19:11 +0100",
      "Completed Age of Power§r": "2023-07-02 00:45:05 +0100",
      "Completed Down the Rabbit Hole§r": "2023-07-06 22:19:11 +0100",
      "Completed Go, Go, Building Gadget§r": "2023-07-03 23:35:20 +0100",
      "Completed I\u0027ll Dehydrate You§r": "2023-07-02 22:58:02 +0100",
      "Completed Withered Away§r": "2023-07-09 04:04:02 +0100"
    },
    "done": false
  },
  "sf4:age1/sapling/clay": {
    "criteria": {
      "Completed Root": "2023-07-02 00:45:05 +0100",
      "Obtain a Clay Sapling": "2023-07-02 01:07:47 +0100"
    },
    "done": true
  },
  "sf4:age1/cobblestone": {
    "criteria": {
      "Completed Root": "2023-07-02 00:45:05 +0100",
      "Obtain Cobblestone Block": "2023-07-02 02:13:50 +0100"
    },
    "done": true
  },
  "sf4:age1/sapling/gold": {
    "criteria": {
      "Completed Root": "2023-07-02 00:45:05 +0100",
      "Obtain Gold Sapling": "2023-07-02 16:54:52 +0100"
    },
    "done": true
  },
  "twilightforest:arborist": {
    "criteria": {
      "twilight_oak_sapling": "2023-07-07 22:16:25 +0100"
    },
    "done": false
  },
  "sf4:age_farming/hoppingbonsai": {
    "criteria": {
      "Obtain Bonsai Pot": "2023-07-02 12:27:51 +0100"
    },
    "done": true
  },
  "sf4:age_farming/sugarcaneseed": {
    "criteria": {
      "Obtain Sugar Cane Seeds": "2023-07-02 01:49:24 +0100"
    },
    "done": true
  },
  "twilightforest:alt/biomes/dense_twilight_forest": {
    "criteria": {
      "discover": "2023-07-07 21:59:54 +0100"
    },
    "done": true
  },
  "sf4:age_storage/bdsandmshippingcontainer": {
    "criteria": {
      "Obtain Shipping Container": "2023-07-09 16:10:32 +0100"
    },
    "done": true
  },
  "tutorial:tutorial/dryingrack": {
    "criteria": {
      "Obtain Oak Wood Planks": "2023-07-02 01:02:21 +0100"
    },
    "done": false
  },
  "sf4:age1/acorn/dirt": {
    "criteria": {
      "Obtain Dirt Acorn": "2023-07-02 00:53:18 +0100",
      "Completed Root": "2023-07-02 00:45:05 +0100"
    },
    "done": true
  },
  "twilightforest:alt/compat/tconstruct": {
    "criteria": {
      "pattern": "2023-07-03 22:06:53 +0100"
    },
    "done": true
  },
  "sf4:age_storage/compactstoragechest": {
    "criteria": {
      "Obtain Compact Storage Chest": "2023-07-08 03:10:51 +0100"
    },
    "done": true
  },
  "sf4:age_allthethingsomglol/complete": {
    "criteria": {
      "Completed Age of ALLTHETHINGSOMGLOL§r": "2023-07-02 00:45:05 +0100",
      "Prestige Mode": "2023-07-02 22:38:27 +0100"
    },
    "done": false
  },
  "tutorial:tutorial/oakwood": {
    "criteria": {
      "Obtain Oak Wood": "2023-07-02 00:53:55 +0100"
    },
    "done": false
  },
  "sf4:age_enhancement/root": {
    "criteria": {
      "inventoryChange": "2023-07-02 00:45:05 +0100"
    },
    "done": true
  },
  "compactmachines:test/9x9x92": {
    "criteria": {
      "Obtain Chorus Fruit": "2023-07-06 23:18:48 +0100"
    },
    "done": false
  },
  "sf4:age_exploration/overworldcake": {
    "criteria": {
      "Obtain Overworld Cake": "2023-07-02 20:30:21 +0100"
    },
    "done": true
  },
  "sf4:age_exploration/complete": {
    "criteria": {
      "Completed Age of Exploration§r": "2023-07-02 00:45:05 +0100",
      "Completed It Gives You Wings§r": "2023-07-06 23:38:13 +0100",
      "Completed Nether Here Nor There§r": "2023-07-02 20:30:21 +0100",
      "Completed No Cake Like Home§r": "2023-07-02 20:30:21 +0100",
      "Completed Wither Without You§r": "2023-07-09 04:24:06 +0100",
      "Completed Lost and Found§r": "2023-07-07 00:32:23 +0100",
      "Prestige Mode": "2023-07-02 22:38:27 +0100",
      "Completed You\u0027re Boron Me§r": "2023-07-07 22:01:19 +0100",
      "Completed Light up Your Night§r": "2023-07-07 22:02:32 +0100",
      "Completed B\u0027Aiken a C\u0027Aiken§r": "2023-07-06 23:07:08 +0100",
      "Completed You\u0027re Tritanium to Bring Me Down§r": "2023-07-07 22:03:01 +0100",
      "Completed Smells Like Nirvana§r": "2023-07-07 22:09:39 +0100",
      "Completed Let the Hunt Begin§r": "2023-07-08 02:41:35 +0100",
      "Completed Thorium\u0027s Hammer§r": "2023-07-07 22:02:16 +0100",
      "Completed Where\u0027s the Boss?§r": "2023-07-06 23:09:46 +0100"
    },
    "done": false
  },
  "sf4:age1/sapling/dirt": {
    "criteria": {
      "Obtain Dirt Sapling": "2023-07-02 00:53:38 +0100",
      "Completed Root": "2023-07-02 00:45:05 +0100"
    },
    "done": true
  },
  "sf4:age1/resourcehogs": {
    "criteria": {
      "Completed Root": "2023-07-02 00:45:05 +0100",
      "Obtain Cobblestone Mud": "2023-07-02 22:57:43 +0100"
    },
    "done": true
  },
  "sf4:age_exploration/arditeore": {
    "criteria": {
      "Obtain Ardite Ore": "2023-07-03 22:41:55 +0100"
    },
    "done": true
  },
  "sf4:age1/green_slimy_dirt": {
    "criteria": {
      "Completed Root": "2023-07-02 00:45:05 +0100",
      "Obtain Green Slime Dirt": "2023-07-02 22:12:17 +0100"
    },
    "done": true
  },
  "sf4:age_storage/hopper": {
    "criteria": {
      "Obtain Hopper": "2023-07-02 14:47:48 +0100"
    },
    "done": true
  },
  "sf4:age1/iron_bucket": {
    "criteria": {
      "Completed Root": "2023-07-02 00:45:05 +0100",
      "Obtain Iron Bucket": "2023-07-02 22:11:02 +0100"
    },
    "done": true
  },
  "sf4:age_enhancement/toolstation": {
    "criteria": {
      "Obtain Tool Station": "2023-07-03 22:07:18 +0100"
    },
    "done": true
  },
  "sf4:age1/amber/lead": {
    "criteria": {
      "Completed Root": "2023-07-02 00:45:05 +0100",
      "Obtain Lead Amber": "2023-07-02 16:45:22 +0100"
    },
    "done": true
  },
  "twilightforest:alt/biomes/oak_savannah": {
    "criteria": {
      "discover": "2023-07-07 21:59:00 +0100"
    },
    "done": true
  },
  "sf4:age_farming/brownmulch": {
    "criteria": {
      "Obtain Brown Mulch": "2023-07-02 12:27:45 +0100"
    },
    "done": true
  },
  "tutorial:tutorial/placedirtsapling": {
    "criteria": {
      "Placed Dirt Sapling": "2023-07-02 00:54:00 +0100"
    },
    "done": false
  },
  "twilightforest:alt/entities/animals": {
    "criteria": {
      "2": "2023-07-07 22:06:52 +0100"
    },
    "done": true
  },
  "tutorial:tutorial/copied/sleep": {
    "criteria": {
      "Slept in a bed": "2023-07-02 12:56:59 +0100"
    },
    "done": false
  },
  "sf4:age_power/extractionchamber": {
    "criteria": {
      "Obtain Loot Fabricator": "2023-07-06 22:19:11 +0100"
    },
    "done": true
  },
  "twilightforest:progress_trophy_pedestal": {
    "criteria": {
      "kill_lich": "2023-07-07 22:33:45 +0100"
    },
    "done": false
  },
  "tutorial:tutorial/dirtsapling": {
    "criteria": {
      "Obtain a Dirt Sapling": "2023-07-02 00:53:38 +0100"
    },
    "done": false
  },
  "tutorial:tutorial/copied/crushingtub": {
    "criteria": {
      "Obtain Crushing Tub": "2023-07-02 01:12:56 +0100"
    },
    "done": false
  },
  "tutorial:tutorial/copied/water": {
    "criteria": {
      "Obtain Water in an Iron Bucket": "2023-07-02 23:15:20 +0100",
      "Obtain Water in a Clay Bucket": "2023-07-02 01:22:12 +0100"
    },
    "done": false
  },
  "sf4:age1/sapling/lapis": {
    "criteria": {
      "Completed Root": "2023-07-02 00:45:05 +0100",
      "Obtain Lapis Sapling": "2023-07-02 22:12:02 +0100"
    },
    "done": true
  },
  "sf4:age1/coal": {
    "criteria": {
      "Completed Root": "2023-07-02 00:45:05 +0100",
      "Obtain Coal": "2023-07-02 02:15:37 +0100"
    },
    "done": true
  },
  "tutorial:tutorial/copied/iron": {
    "criteria": {
      "Obtain Iron Amber": "2023-07-02 02:16:42 +0100"
    },
    "done": false
  },
  "sf4:age_enhancement/levelup": {
    "criteria": {
      "Level Up Tinkers\u0027 Pickaxe": "2023-07-03 22:42:48 +0100"
    },
    "done": true
  },
  "sf4:age_exploration/root": {
    "criteria": {
      "inventoryChange": "2023-07-02 00:45:05 +0100"
    },
    "done": true
  },
  "sf4:age_storage/root": {
    "criteria": {
      "inventoryChange": "2023-07-02 00:45:05 +0100"
    },
    "done": true
  },
  "sf4:age1/diamond": {
    "criteria": {
      "Obtain Diamond": "2023-07-02 20:27:20 +0100",
      "Completed Root": "2023-07-02 00:45:05 +0100"
    },
    "done": true
  },
  "sf4:age1/obsidian": {
    "criteria": {
      "Completed Root": "2023-07-02 00:45:05 +0100",
      "Obtain Obsidian": "2023-07-02 02:32:23 +0100"
    },
    "done": true
  },
  "tutorial:tutorial/copied/lava": {
    "criteria": {
      "Obtain Lava Iron Bucket": "2023-07-02 22:15:55 +0100"
    },
    "done": false
  },
  "sf4:age1/dirt": {
    "criteria": {
      "Completed Root": "2023-07-02 00:45:05 +0100",
      "Craft Dirt Block": "2023-07-02 00:56:04 +0100"
    },
    "done": true
  },
  "sf4:age1/sapling/coal": {
    "criteria": {
      "Completed Root": "2023-07-02 00:45:05 +0100",
      "Obtain Coal Sapling": "2023-07-02 02:04:48 +0100"
    },
    "done": true
  },
  "sf4:age_enhancement/20damage": {
    "criteria": {
      "Deal 20 or More Damage": "2023-07-03 22:48:11 +0100"
    },
    "done": true
  },
  "sf4:age_exploration/twilightforest": {
    "criteria": {
      "Entered Twilight Forest Dimension": "2023-07-07 21:59:00 +0100"
    },
    "done": true
  },
  "sf4:age1/acorn/dirt_cooked": {
    "criteria": {
      "Completed Root": "2023-07-02 00:45:05 +0100",
      "Obtain Cooked Dirt Acorn": "2023-07-02 01:45:06 +0100"
    },
    "done": true
  },
  "sf4:age1/twerk": {
    "criteria": {
      "Completed Root": "2023-07-02 00:45:05 +0100",
      "Obtain 8 Dirt Saplings": "2023-07-02 00:58:47 +0100",
      "Obtain 8 Oak Logs": "2023-07-02 00:55:40 +0100"
    },
    "done": true
  },
  "twilightforest:alt/entities/death_tome": {
    "criteria": {
      "hurt": "2023-07-07 22:20:54 +0100"
    },
    "done": true
  },
  "tutorial:tutorial/copied/diamondsapling": {
    "criteria": {
      "Obtain Diamond Sapling": "2023-07-02 22:12:43 +0100"
    },
    "done": false
  },
  "tutorial:tutorial/copied/string": {
    "criteria": {
      "Obtain Cottonwood Sapling": "2023-07-02 01:50:39 +0100",
      "Obtain String": "2023-07-02 01:56:44 +0100"
    },
    "done": false
  },
  "twilightforest:alt/entities/bighorn_sheep": {
    "criteria": {
      "slay": "2023-07-07 22:07:14 +0100"
    },
    "done": true
  },
  "twilightforest:alt/treasures/naga_armor_set": {
    "criteria": {
      "ingredient": "2023-07-07 22:16:17 +0100"
    },
    "done": true
  },
  "sf4:age_farming/market": {
    "criteria": {
      "Obtain Market": "2023-07-02 20:51:05 +0100"
    },
    "done": true
  },
  "twilightforest:root": {
    "criteria": {
      "in_tf": "2023-07-07 21:59:00 +0100"
    },
    "done": true
  },
  "sf4:age1/clay_bucket": {
    "criteria": {
      "Obtain Unfired Clay Bucket": "2023-07-02 01:22:00 +0100",
      "Completed Root": "2023-07-02 00:45:05 +0100"
    },
    "done": true
  },
  "sf4:age_exploration/dragonkill": {
    "criteria": {
      "Enter Custom End Dimension": "2023-07-02 20:30:21 +0100",
      "Enter End Dimension": "2023-07-06 23:09:46 +0100"
    },
    "done": true
  },
  "prestige:prestige/root": {
    "criteria": {
      "stage": "2023-07-02 22:38:27 +0100"
    },
    "done": true
  },
  "sf4:age_farming/complete": {
    "criteria": {
      "Completed Bonsai!!!§r": "2023-07-02 01:24:02 +0100",
      "Completed Citizen Cane§r": "2023-07-02 01:49:24 +0100",
      "Prestige Mode": "2023-07-02 22:38:27 +0100",
      "Completed Sick Sprinkler§r": "2023-07-06 17:47:35 +0100",
      "Completed Shredded Wheat§r": "2023-07-02 20:42:44 +0100",
      "Completed Age of Farming§r": "2023-07-02 00:45:05 +0100",
      "Completed It\u0027s the End of the World As We Know It§r": "2023-07-09 04:11:57 +0100",
      "Completed Beanboozled§r": "2023-07-02 20:38:09 +0100",
      "Completed This Little Piggy§r": "2023-07-02 20:51:05 +0100"
    },
    "done": false
  },
  "tutorial:tutorial/copied/ironingot": {
    "criteria": {
      "Obtain Iron Ingot": "2023-07-02 12:23:35 +0100"
    },
    "done": false
  },
  "tutorial:tutorial/copied/ironbucket": {
    "criteria": {
      "Obtain Iron Bucket": "2023-07-02 22:11:02 +0100"
    },
    "done": false
  },
  "twilightforest:twilight_hunter": {
    "criteria": {
      "deer": "2023-07-07 22:06:52 +0100"
    },
    "done": true
  },
  "sf4:age1/drying_rack": {
    "criteria": {
      "Completed Root": "2023-07-02 00:45:05 +0100",
      "Obtain Drying Rack": "2023-07-02 01:02:21 +0100"
    },
    "done": true
  },
  "sf4:age_allthethingsomglol/complete_no_prestige": {
    "criteria": {
      "Prestige Mode Disabled": "2023-07-02 00:45:05 +0100",
      "Completed Age of ALLTHETHINGSOMGLOL§r": "2023-07-02 00:45:05 +0100"
    },
    "done": false
  },
  "sf4:age1/sapling": {
    "criteria": {
      "Completed SkyFactory 4§r": "2023-07-02 00:45:05 +0100",
      "Has Sapling": "2023-07-02 00:53:38 +0100",
      "Completed Root": "2023-07-02 00:45:05 +0100"
    },
    "done": false
  },
  "sf4:age_farming/yellowmulch": {
    "criteria": {
      "Obtain Yellow Mulch": "2023-07-09 11:01:12 +0100"
    },
    "done": true
  },
  "sf4:age_enhancement/unbreakablepickaxe": {
    "criteria": {
      "Obtain Unbreakable Tinkers\u0027 Tool or Weapon": "2023-07-06 21:58:57 +0100"
    },
    "done": true
  },
  "sf4:age_enhancement/toolforge": {
    "criteria": {
      "Obtain Tool Forge": "2023-07-06 22:47:37 +0100"
    },
    "done": true
  },
  "sf4:age_power/buildinggadget": {
    "criteria": {
      "Obtain Building Gadget": "2023-07-03 23:35:20 +0100"
    },
    "done": true
  },
  "sf4:age1/sapling/cottonwood": {
    "criteria": {
      "Obtain Cottonwood Sapling": "2023-07-02 01:50:39 +0100",
      "Completed Root": "2023-07-02 00:45:05 +0100"
    },
    "done": true
  },
  "twilightforest:alt/major_landmarks/naga_courtyard": {
    "criteria": {
      "discover": "2023-07-07 22:15:48 +0100"
    },
    "done": true
  },
  "tutorial:tutorial/copied/greenslimydirt": {
    "criteria": {
      "Obtain Green Slime Dirt": "2023-07-02 22:12:17 +0100"
    },
    "done": false
  },
  "sf4:age_exploration/cobaltore": {
    "criteria": {
      "Obtain Cobalt Ore": "2023-07-03 22:40:55 +0100"
    },
    "done": true
  },
  "sf4:age1/sapling/slime": {
    "criteria": {
      "Completed Root": "2023-07-02 00:45:05 +0100",
      "Obtain Blue Slime Sapling": "2023-07-02 20:47:19 +0100"
    },
    "done": true
  },
  "sf4:age1/string": {
    "criteria": {
      "Obtain Cottonwood Sapling": "2023-07-02 01:50:39 +0100",
      "Completed Root": "2023-07-02 00:45:05 +0100",
      "Obtain String": "2023-07-02 01:56:44 +0100"
    },
    "done": true
  },
  "compactmachines:test/7x7x7": {
    "criteria": {
      "Obtain Netherrack": "2023-07-02 23:20:31 +0100"
    },
    "done": false
  },
  "sf4:age_enhancement/stenciltable": {
    "criteria": {
      "Obtain Tinkers\u0027 Stencil Table": "2023-07-03 22:07:01 +0100"
    },
    "done": true
  },
  "sf4:age_exploration/endcake": {
    "criteria": {
      "Obtain End Cake": "2023-07-06 23:07:08 +0100"
    },
    "done": true
  },
  "sf4:age_storage/complete_no_prestige": {
    "criteria": {
      "Prestige Mode Disabled": "2023-07-02 00:45:05 +0100",
      "Completed MhyCell§r": "2023-07-09 16:10:35 +0100",
      "Completed I Like Big Box and I Cannot Lie§r": "2023-07-08 03:10:51 +0100",
      "Completed Age of Storage§r": "2023-07-02 00:45:05 +0100",
      "Completed It Fits, We Ship§r": "2023-07-09 16:10:32 +0100",
      "Completed Hop to It§r": "2023-07-02 14:47:48 +0100"
    },
    "done": false
  },
  "sf4:age1/sapling/petrified": {
    "criteria": {
      "Completed Root": "2023-07-02 00:45:05 +0100",
      "Obtain Petrified Sapling": "2023-07-02 01:04:00 +0100"
    },
    "done": true
  },
  "sf4:age1/sapling/tin": {
    "criteria": {
      "Completed Root": "2023-07-02 00:45:05 +0100",
      "Obtain Tin Sapling": "2023-07-02 12:49:57 +0100"
    },
    "done": true
  },
  "sf4:age_exploration/lostcities": {
    "criteria": {
      "Entered Lost Cities Dimension": "2023-07-07 00:32:23 +0100"
    },
    "done": true
  },
  "sf4:age_exploration/tritaniumore": {
    "criteria": {
      "Obtain Ice Tritanium Ore": "2023-07-07 22:03:01 +0100"
    },
    "done": true
  },
  "sf4:age1/wooden_crook": {
    "criteria": {
      "Completed Root": "2023-07-02 00:45:05 +0100",
      "Obtain Wooden Crook": "2023-07-02 22:14:53 +0100"
    },
    "done": true
  },
  "sf4:age_farming/bonsai": {
    "criteria": {
      "Obtain Bonsai Pot": "2023-07-02 01:24:02 +0100"
    },
    "done": true
  },
  "pacifist:pacifist_run/root": {
    "criteria": {
      "hasRock": "2023-07-02 00:45:05 +0100"
    },
    "done": false
  },
  "twilightforest:alt/treasures/foods/vension": {
    "criteria": {
      "raw": "2023-07-07 22:06:56 +0100"
    },
    "done": true
  },
  "compactmachines:test/13x13x13": {
    "criteria": {
      "Obtain a Dragon\u0027s Head": "2023-07-06 23:38:50 +0100"
    },
    "done": false
  },
  "sf4:age_storage/complete": {
    "criteria": {
      "Completed MhyCell§r": "2023-07-09 16:10:35 +0100",
      "Completed I Like Big Box and I Cannot Lie§r": "2023-07-08 03:10:51 +0100",
      "Prestige Mode": "2023-07-02 22:38:27 +0100",
      "Completed Age of Storage§r": "2023-07-02 00:45:05 +0100",
      "Completed It Fits, We Ship§r": "2023-07-09 16:10:32 +0100",
      "Completed Hop to It§r": "2023-07-02 14:47:48 +0100"
    },
    "done": false
  },
  "tutorial:tutorial/craftingstation": {
    "criteria": {
      "Obtain a Crafting Station": "2023-07-02 00:58:04 +0100"
    },
    "done": false
  },
  "tutorial:tutorial/copied/slimesapling": {
    "criteria": {
      "Obtain Blue Slime Sapling": "2023-07-02 20:47:19 +0100"
    },
    "done": false
  },
  "sf4:age_farming/enderseeds": {
    "criteria": {
      "Obtain Ender Seeds": "2023-07-09 04:11:57 +0100"
    },
    "done": true
  },
  "sf4:age_farming/wheatseeds": {
    "criteria": {
      "Obtain Wheat Seeds": "2023-07-02 20:42:44 +0100"
    },
    "done": true
  },
  "tutorial:tutorial/copied/gold": {
    "criteria": {
      "Obtain Gold Amber": "2023-07-02 16:53:44 +0100"
    },
    "done": false
  },
  "tutorial:tutorial/copied/petrifiedsapling": {
    "criteria": {
      "Obtain Petrified Sapling": "2023-07-02 01:04:00 +0100"
    },
    "done": false
  },
  "sf4:age_exploration/witherkill": {
    "criteria": {
      "Killed Wither": "2023-07-09 04:24:06 +0100"
    },
    "done": true
  },
  "twilightforest:alt/entities/lich": {
    "criteria": {
      "hurt_by_indirect": "2023-07-07 22:19:14 +0100"
    },
    "done": true
  },
  "sf4:age_exploration/huntingdimension": {
    "criteria": {
      "Entered Hunting Dimension": "2023-07-08 02:41:35 +0100"
    },
    "done": true
  },
  "sf4:age_exploration/magnesiumore": {
    "criteria": {
      "Obtain Magnesium Ore": "2023-07-07 22:02:32 +0100"
    },
    "done": true
  },
  "sf4:age_power/hellishmatter": {
    "criteria": {
      "Obtain Hellish Matter": "2023-07-09 10:55:13 +0100"
    },
    "done": true
  },
  "tutorial:tutorial/copied/watercollection": {
    "criteria": {
      "Right Click Cauldron with Water Inside": "2023-07-02 20:49:02 +0100",
      "Right Click Boiling Cauldron with Water Inside": "2023-07-02 02:32:13 +0100"
    },
    "done": false
  },
  "sf4:age1/completenoprestige": {
    "criteria": {
      "Completed OinkTree§r": "2023-07-02 23:01:12 +0100",
      "Completed Tin Man§r": "2023-07-02 12:48:34 +0100",
      "Completed Air Fryer§r": "2023-07-02 01:02:21 +0100",
      "Completed Silver Spoon§r": "2023-07-02 17:10:26 +0100",
      "Prestige Mode Disabled": "2023-07-02 00:45:05 +0100",
      "Completed That\u0027s Dir-tree§r": "2023-07-02 00:53:38 +0100",
      "Completed You Cotton Be Kidding Me§r": "2023-07-02 01:50:39 +0100",
      "Completed Sticky Keys§r": "2023-07-02 00:58:47 +0100",
      "Completed Stone Crook§r": "2023-07-02 22:15:08 +0100",
      "Completed Water You Waiting For?§r": "2023-07-02 01:22:12 +0100",
      "Completed Silver Surfer§r": "2023-07-02 17:07:34 +0100",
      "Completed Break a Leg§r": "2023-07-02 12:44:17 +0100",
      "Completed This Tree is Forever§r": "2023-07-02 22:12:43 +0100",
      "Completed Blue Man Group§r": "2023-07-02 22:12:02 +0100",
      "Completed I Love Lucy§r": "2023-07-02 01:12:56 +0100",
      "Completed Hotbois§r": "2023-07-02 22:15:55 +0100",
      "Completed Palm Trees§r": "2023-07-02 01:18:41 +0100",
      "Completed Root": "2023-07-02 00:45:05 +0100",
      "Completed It\u0027s Tin This Pack§r": "2023-07-02 12:49:57 +0100",
      "Completed Nap Time§r": "2023-07-02 12:47:41 +0100",
      "Completed D\u0027OH!§r": "2023-07-02 23:17:18 +0100",
      "Completed Trees to Diamonds§r": "2023-07-02 20:27:20 +0100",
      "Completed Captain Hook§r": "2023-07-02 22:14:53 +0100",
      "Completed Cobble Cobble§r": "2023-07-02 12:22:27 +0100",
      "Completed Not a Helmet§r": "2023-07-02 22:11:02 +0100",
      "Completed Study in the Dark Arts§r": "2023-07-02 02:32:23 +0100",
      "Completed It\u0027s Electric§r": "2023-07-02 22:11:21 +0100",
      "Completed Dirty Dancing§r": "2023-07-02 00:56:04 +0100",
      "Completed Amber is the Color of my Dinosaur§r": "2023-07-02 02:16:42 +0100",
      "Completed SkyFactory 4§r": "2023-07-02 00:45:05 +0100",
      "Completed Don\u0027t Sieve on Me§r": "2023-07-02 01:15:51 +0100",
      "Completed Hog Tied§r": "2023-07-02 22:57:43 +0100",
      "Completed Lead Zeppelin§r": "2023-07-02 16:47:16 +0100",
      "Completed Lead it Go§r": "2023-07-02 16:45:22 +0100",
      "Completed Bubble, Bubble§r": "2023-07-02 01:09:20 +0100",
      "Completed One Shiny Boi§r": "2023-07-02 16:53:44 +0100",
      "Completed Money Grows on Trees§r": "2023-07-02 16:54:52 +0100",
      "Completed Slop in the Bucket§r": "2023-07-02 01:22:00 +0100",
      "Completed You Cotton Something?§r": "2023-07-02 01:56:44 +0100",
      "Completed On the Rocks§r": "2023-07-02 02:13:50 +0100",
      "Completed Starting from the Bottom§r": "2023-07-02 00:53:18 +0100",
      "Completed COALateral Damage§r": "2023-07-02 02:15:37 +0100",
      "Completed Oh, the Irony§r": "2023-07-02 12:23:35 +0100",
      "Completed Ironwood§r": "2023-07-02 12:25:45 +0100",
      "Completed Hardwood§r": "2023-07-02 01:04:00 +0100",
      "Completed Sixteen Tons§r": "2023-07-02 02:04:48 +0100",
      "Completed Eating Dirt§r": "2023-07-02 01:45:06 +0100",
      "Completed Stop Slabbing Yourself§r": "2023-07-02 22:13:35 +0100",
      "Completed Clay Aiken§r": "2023-07-02 01:07:47 +0100",
      "Completed I\u0027ve Been Slimed§r": "2023-07-02 22:12:17 +0100",
      "Completed I Don\u0027t Know§r": "2023-07-02 20:47:19 +0100"
    },
    "done": true
  },
  "prestige:prestige/energy_cube": {
    "criteria": {
      "Acquire Advanced Energy Cube": "2023-07-08 20:41:18 +0100"
    },
    "done": true
  },
  "sf4:age_farming/root": {
    "criteria": {
      "inventoryChange": "2023-07-02 00:45:05 +0100"
    },
    "done": true
  },
  "sf4:age_exploration/completenoprestige": {
    "criteria": {
      "Completed Age of Exploration§r": "2023-07-02 00:45:05 +0100",
      "Completed It Gives You Wings§r": "2023-07-06 23:38:13 +0100",
      "Completed Nether Here Nor There§r": "2023-07-02 20:30:21 +0100",
      "Completed No Cake Like Home§r": "2023-07-02 20:30:21 +0100",
      "Completed Wither Without You§r": "2023-07-09 04:24:06 +0100",
      "Prestige Mode Disabled": "2023-07-02 00:45:05 +0100",
      "Completed Lost and Found§r": "2023-07-07 00:32:23 +0100",
      "Completed You\u0027re Boron Me§r": "2023-07-07 22:01:19 +0100",
      "Completed Light up Your Night§r": "2023-07-07 22:02:32 +0100",
      "Completed B\u0027Aiken a C\u0027Aiken§r": "2023-07-06 23:07:08 +0100",
      "Completed You\u0027re Tritanium to Bring Me Down§r": "2023-07-07 22:03:01 +0100",
      "Completed Enter the Twilight§r": "2023-07-07 21:59:00 +0100",
      "Completed Smells Like Nirvana§r": "2023-07-07 22:09:39 +0100",
      "Completed Let the Hunt Begin§r": "2023-07-08 02:41:35 +0100",
      "Completed Thorium\u0027s Hammer§r": "2023-07-07 22:02:16 +0100",
      "Completed Where\u0027s the Boss?§r": "2023-07-06 23:09:46 +0100"
    },
    "done": false
  },
  "sf4:age_power/root": {
    "criteria": {
      "inventoryChange": "2023-07-02 00:45:05 +0100"
    },
    "done": true
  },
  "tutorial:tutorial/copied/claysapling": {
    "criteria": {
      "Obtain a Clay Sapling": "2023-07-02 01:07:47 +0100"
    },
    "done": false
  },
  "tutorial:tutorial/copied/obsidian": {
    "criteria": {
      "Obtain Obsidian": "2023-07-02 02:32:23 +0100"
    },
    "done": false
  },
  "sf4:age_enhancement/patternchest": {
    "criteria": {
      "Obtain Pattern Chest": "2023-07-06 22:48:03 +0100"
    },
    "done": true
  },
  "sf4:age1/sleep": {
    "criteria": {
      "Completed Root": "2023-07-02 00:45:05 +0100",
      "Right Click on Bed": "2023-07-02 12:47:41 +0100"
    },
    "done": true
  },
  "sf4:age_storage/ae2energycell": {
    "criteria": {
      "Obtain AE2 Energy Cell": "2023-07-09 16:10:35 +0100"
    },
    "done": true
  },
  "sf4:age1/sapling/lead": {
    "criteria": {
      "Completed Root": "2023-07-02 00:45:05 +0100",
      "Obtain Lead Sapling": "2023-07-02 16:47:16 +0100"
    },
    "done": true
  },
  "sf4:age_exploration/lostcitiesworld": {
    "criteria": {
      "Entered Lost Cities Dimension": "2023-07-07 00:32:21 +0100"
    },
    "done": true
  },
  "sf4:age_farming/rubymulch": {
    "criteria": {
      "Obtain Ruby Mulch": "2023-07-09 12:15:29 +0100"
    },
    "done": true
  },
  "sf4:age1/sapling/diamond": {
    "criteria": {
      "Completed Root": "2023-07-02 00:45:05 +0100",
      "Obtain Diamond Sapling": "2023-07-02 22:12:43 +0100"
    },
    "done": true
  },
  "sf4:age1/watersource": {
    "criteria": {
      "Completed SkyFactory 4§r": "2023-07-02 00:45:05 +0100",
      "Completed Root": "2023-07-02 00:45:05 +0100"
    },
    "done": false
  },
  "sf4:age_exploration/boronore": {
    "criteria": {
      "Obtain Boron Ore": "2023-07-07 22:01:19 +0100"
    },
    "done": true
  },
  "compactmachines:test/7x7x72": {
    "criteria": {
      "Obtain Eye of Ender": "2023-07-06 23:47:02 +0100"
    },
    "done": false
  },
  "sf4:age_enhancement/partbuilder": {
    "criteria": {
      "Obtain Tinkers\u0027 Part Builder": "2023-07-06 22:47:44 +0100"
    },
    "done": true
  },
  "sf4:age1/sapling/gravel": {
    "criteria": {
      "Completed Root": "2023-07-02 00:45:05 +0100",
      "Obtain Gravel Sapling": "2023-07-02 01:15:51 +0100"
    },
    "done": true
  },
  "sf4:age1/lava": {
    "criteria": {
      "Completed Root": "2023-07-02 00:45:05 +0100",
      "Obtain Lava Iron Bucket": "2023-07-02 22:15:55 +0100"
    },
    "done": true
  },
  "pacifist:pacifist_run/lose": {
    "criteria": {
      "killed poor innocent creature": "2023-07-02 01:56:06 +0100"
    },
    "done": false
  },
  "sf4:age1/root": {
    "criteria": {
      "non_tutorial_start": "2023-07-02 00:45:05 +0100"
    },
    "done": true
  },
  "twilightforest:alt/biomes/firefly_forest": {
    "criteria": {
      "discover": "2023-07-07 22:14:36 +0100"
    },
    "done": true
  },
  "sf4:age1/sapling/silver": {
    "criteria": {
      "Completed Root": "2023-07-02 00:45:05 +0100",
      "Obtain Silver Sapling": "2023-07-02 17:10:26 +0100"
    },
    "done": true
  },
  "twilightforest:alt/biomes/mushroom_forest": {
    "criteria": {
      "discover": "2023-07-07 22:15:18 +0100"
    },
    "done": true
  },
  "sf4:age1/amber/tin": {
    "criteria": {
      "Completed Root": "2023-07-02 00:45:05 +0100",
      "Obtain Tin Amber": "2023-07-02 12:48:34 +0100"
    },
    "done": true
  },
  "compactmachines:test/9x9x9": {
    "criteria": {
      "Obtain End Stone": "2023-07-06 23:09:52 +0100"
    },
    "done": false
  },
  "twilightforest:alt/major_landmarks/hollow_hills": {
    "criteria": {
      "1": "2023-07-07 22:03:03 +0100"
    },
    "done": true
  },
  "twilightforest:twilight_dinner": {
    "criteria": {
      "raw_venison": "2023-07-07 22:06:56 +0100",
      "cooked_venison": "2023-07-07 23:14:21 +0100"
    },
    "done": false
  },
  "sf4:age_power/dehydrator": {
    "criteria": {
      "Obtain Dehydrator": "2023-07-02 22:58:02 +0100"
    },
    "done": true
  },
  "sf4:age1/iron_ingot": {
    "criteria": {
      "Completed Root": "2023-07-02 00:45:05 +0100",
      "Obtain Iron Ingot": "2023-07-02 12:23:35 +0100"
    },
    "done": true
  },
  "twilightforest:alt/major_landmarks/medium_hollow_hill": {
    "criteria": {
      "discover": "2023-07-07 22:03:03 +0100"
    },
    "done": true
  },
  "twilightforest:alt/major_landmarks/lich_tower": {
    "criteria": {
      "discover": "2023-07-07 22:17:47 +0100"
    },
    "done": true
  },
  "tutorial:tutorial/copied/gravelsapling": {
    "criteria": {
      "Obtain Gravel Sapling": "2023-07-02 01:15:51 +0100"
    },
    "done": false
  },
  "sf4:age_farming/magicbeans": {
    "criteria": {
      "Obtain Sprout Seeds": "2023-07-02 20:38:09 +0100"
    },
    "done": true
  },
  "twilightforest:alt/entities/deer": {
    "criteria": {
      "slay": "2023-07-07 22:06:52 +0100"
    },
    "done": true
  },
  "sf4:age1/amber/silver": {
    "criteria": {
      "Completed Root": "2023-07-02 00:45:05 +0100",
      "Obtain Silver Amber": "2023-07-02 17:07:34 +0100"
    },
    "done": true
  },
  "sf4:age_farming/ambermulch": {
    "criteria": {
      "Obtain Amber Mulch": "2023-07-09 11:30:21 +0100"
    },
    "done": true
  },
  "sf4:age_enhancement/heartcontainer": {
    "criteria": {
      "Eat Cyclic Heart Container": "2023-07-07 23:13:18 +0100"
    },
    "done": true
  },
  "sf4:age_power/deeplearner": {
    "criteria": {
      "Obtain Deep Learner": "2023-07-06 22:19:11 +0100"
    },
    "done": true
  },
  "twilightforest:alt/treasures/foods/any": {
    "criteria": {
      "3": "2023-07-07 22:06:56 +0100"
    },
    "done": true
  },
  "sf4:age1/amber/gold": {
    "criteria": {
      "Completed Root": "2023-07-02 00:45:05 +0100",
      "Obtain Gold Amber": "2023-07-02 16:53:44 +0100"
    },
    "done": true
  },
  "twilightforest:alt/treasures/armors": {
    "criteria": {
      "1": "2023-07-07 22:16:17 +0100"
    },
    "done": true
  },
  "tutorial:tutorial/copied/cauldron": {
    "criteria": {
      "Obtain a Cauldron": "2023-07-02 01:09:20 +0100"
    },
    "done": false
  },
  "sf4:age_farming/skyorchards": {
    "criteria": {
      "Obtain Dirt Sapling": "2023-07-02 00:53:38 +0100",
      "Obtain Lead Sapling": "2023-07-02 16:47:16 +0100",
      "Obtain Silver Sapling": "2023-07-02 17:10:26 +0100",
      "Obtain Coal Sapling": "2023-07-02 02:04:48 +0100",
      "Obtain Diamond Sapling": "2023-07-02 22:12:43 +0100",
      "Obtain Cottonwood Sapling": "2023-07-02 01:50:39 +0100",
      "Obtain Lapis Sapling": "2023-07-02 22:12:02 +0100",
      "Obtain Bacon Sapling": "2023-07-02 23:01:12 +0100",
      "Obtain Donut Sapling": "2023-07-02 23:17:18 +0100",
      "Obtain Petrified Sapling": "2023-07-02 01:04:00 +0100",
      "Obtain Tin Sapling": "2023-07-02 12:49:57 +0100",
      "Obtain Iron Sapling": "2023-07-02 12:25:45 +0100",
      "Obtain Sand Sapling": "2023-07-02 01:18:41 +0100",
      "Obtain Gold Sapling": "2023-07-02 16:54:52 +0100",
      "Obtain Redstone Sapling": "2023-07-02 22:11:21 +0100",
      "Obtain Clay Sapling": "2023-07-02 01:07:47 +0100",
      "Obtain Gravel Sapling": "2023-07-02 01:15:51 +0100",
      "Obtain Bone Sapling": "2023-07-02 12:44:17 +0100",
      "Obtain Cobalt Sapling": "2023-07-07 23:34:39 +0100"
    },
    "done": false
  },
  "sf4:age_exploration/waterinnether": {
    "criteria": {
      "Place Da Wata": "2023-07-06 17:53:57 +0100"
    },
    "done": false
  },
  "sf4:age_exploration/skygriddragonkill": {
    "criteria": {
      "Completed Age of Exploration§r": "2023-07-02 00:45:05 +0100"
    },
    "done": false
  },
  "twilightforest:progress_labyrinth": {
    "criteria": {
      "kill_lich": "2023-07-07 22:33:45 +0100"
    },
    "done": false
  },
  "compactmachines:test/11x11x11": {
    "criteria": {
      "Obtain Nether Star": "2023-07-09 04:24:06 +0100"
    },
    "done": false
  },
  "sf4:age_enhancement/speedupgrade": {
    "criteria": {
      "Obtain Mekanism Speed Upgrade": "2023-07-08 02:40:15 +0100"
    },
    "done": true
  },
  "tutorial:tutorial/copied/coalsapling": {
    "criteria": {
      "Obtain Coal Sapling": "2023-07-02 02:04:48 +0100"
    },
    "done": false
  },
  "sf4:age1/sapling/sand": {
    "criteria": {
      "Completed Root": "2023-07-02 00:45:05 +0100",
      "Obtain Sand Sapling": "2023-07-02 01:18:41 +0100"
    },
    "done": true
  },
  "sf4:age_enhancement/enchantmenttable": {
    "criteria": {
      "Obtain Enchantment Table": "2023-07-02 23:01:39 +0100"
    },
    "done": true
  },
  "sf4:age_enhancement/complete": {
    "criteria": {
      "Completed Gotta Go Fast§r": "2023-07-08 02:40:15 +0100",
      "Completed Better With Mods§r": "2023-07-03 22:35:04 +0100",
      "Completed Tim the Tool Man Taylor§r": "2023-07-06 22:47:44 +0100",
      "Completed Pattern Me, Sir§r": "2023-07-06 22:48:03 +0100",
      "Completed Forging Ahead§r": "2023-07-06 22:47:37 +0100",
      "Prestige Mode": "2023-07-02 22:38:27 +0100",
      "Completed Keep It Between the Lines§r": "2023-07-03 22:07:01 +0100",
      "Completed Weirdly Mesmerizing§r": "2023-07-09 10:56:25 +0100",
      "Completed Suit Up§r": "2023-07-06 22:47:40 +0100",
      "Completed Ding!§r": "2023-07-03 22:42:48 +0100",
      "Completed Rolling into the Station§r": "2023-07-03 22:07:18 +0100",
      "Completed It\u0027s Over 20!§r": "2023-07-03 22:48:11 +0100",
      "Completed Age of Enhancement§r": "2023-07-02 00:45:05 +0100",
      "Completed Sign My Cast§r": "2023-07-03 22:28:09 +0100",
      "Completed An Enchanting Evening§r": "2023-07-02 23:01:39 +0100",
      "Completed Storage Wars§r": "2023-07-02 20:32:02 +0100",
      "Completed Eat Your Heart Out§r": "2023-07-07 23:13:18 +0100",
      "Completed Unbroken§r": "2023-07-06 21:58:57 +0100"
    },
    "done": false
  },
  "sf4:age_exploration/lithiumore": {
    "criteria": {
      "Obtain Lithium Ore": "2023-07-07 22:09:39 +0100"
    },
    "done": true
  },
  "sf4:age_enhancement/tconmodifier": {
    "criteria": {
      "Apply 1 Modifer": "2023-07-03 22:35:04 +0100"
    },
    "done": true
  },
  "tutorial:tutorial/copied/claybucket": {
    "criteria": {
      "Obtain Unfired Clay Bucket": "2023-07-02 01:22:00 +0100",
      "Obtain Clay Bucket": "2023-07-02 01:22:12 +0100"
    },
    "done": false
  },
  "twilightforest:alt/entities/lich_zombies": {
    "criteria": {
      "hurt_alt": "2023-07-07 22:33:33 +0100"
    },
    "done": true
  },
  "sf4:age1/sapling/iron": {
    "criteria": {
      "Completed Root": "2023-07-02 00:45:05 +0100",
      "Obtain Iron Sapling": "2023-07-02 12:25:45 +0100"
    },
    "done": true
  },
  "sf4:age1/stone_crook": {
    "criteria": {
      "Completed Root": "2023-07-02 00:45:05 +0100",
      "Obtain Stone Crook": "2023-07-02 22:15:08 +0100"
    },
    "done": true
  },
  "sf4:age_exploration/thoriumore": {
    "criteria": {
      "Obtain Thorium Ore": "2023-07-07 22:02:16 +0100"
    },
    "done": true
  },
  "sf4:age_power/simulationchamber": {
    "criteria": {
      "Obtain Simulation Chamber": "2023-07-06 22:19:11 +0100"
    },
    "done": true
  },
  "sf4:age1/sapling/bone": {
    "criteria": {
      "Completed Root": "2023-07-02 00:45:05 +0100",
      "Obtain Bone Sapling": "2023-07-02 12:44:17 +0100"
    },
    "done": true
  },
  "pacifist:pacifist_run/peaceful": {
    "criteria": {
      "brokeLeaves": "2023-07-02 00:53:11 +0100",
      "brokeLog": "2023-07-02 00:53:51 +0100"
    },
    "done": false
  },
  "sf4:age1/water": {
    "criteria": {
      "Completed Root": "2023-07-02 00:45:05 +0100",
      "Obtain Water in a Clay Bucket": "2023-07-02 01:22:12 +0100"
    },
    "done": true
  },
  "sf4:age_allthethingsomglol/modifiermaster": {
    "criteria": {
      "Mending Moss": "2023-07-06 23:09:02 +0100",
      "Diamond": "2023-07-03 22:35:27 +0100",
      "Sharpness": "2023-07-06 22:21:37 +0100",
      "Haste": "2023-07-03 22:35:04 +0100",
      "Luck": "2023-07-03 22:35:30 +0100",
      "Emerald": "2023-07-03 22:47:24 +0100",
      "Reinforced": "2023-07-06 21:58:47 +0100"
    },
    "done": false
  },
  "twilightforest:progress_yeti": {
    "criteria": {
      "previous_progression": "2023-07-07 22:33:45 +0100"
    },
    "done": false
  },
  "tutorial:tutorial/copied/diamond": {
    "criteria": {
      "Obtain Diamond": "2023-07-02 20:27:20 +0100"
    },
    "done": false
  },
  "sf4:age_power/complete": {
    "criteria": {
      "Completed The Study Guide§r": "2023-07-06 22:19:11 +0100",
      "Completed What the Heck?!§r": "2023-07-09 10:55:13 +0100",
      "Completed Extraction, Extraction, Read All About It!§r": "2023-07-06 22:19:11 +0100",
      "Completed Age of Power§r": "2023-07-02 00:45:05 +0100",
      "Prestige Mode": "2023-07-02 22:38:27 +0100",
      "Completed Down the Rabbit Hole§r": "2023-07-06 22:19:11 +0100",
      "Completed Go, Go, Building Gadget§r": "2023-07-03 23:35:20 +0100",
      "Completed I\u0027ll Dehydrate You§r": "2023-07-02 22:58:02 +0100",
      "Completed Withered Away§r": "2023-07-09 04:04:02 +0100"
    },
    "done": false
  },
  "sf4:age_enhancement/inventoryupgrade": {
    "criteria": {
      "Eat Cyclic Inventory Upgrade": "2023-07-02 20:32:02 +0100"
    },
    "done": true
  },
  "hardcore:hardcore/survive": {
    "criteria": {
      "Get killed": "2023-07-02 01:56:10 +0100"
    },
    "done": false
  },
  "sf4:age1/amber/iron": {
    "criteria": {
      "Completed Root": "2023-07-02 00:45:05 +0100",
      "Obtain Iron Amber": "2023-07-02 02:16:42 +0100"
    },
    "done": true
  },
  "sf4:age_exploration/elytra": {
    "criteria": {
      "Obtain Elytra": "2023-07-06 23:38:13 +0100"
    },
    "done": true
  },
  "twilightforest:progress_lich": {
    "criteria": {
      "kill_lich": "2023-07-07 22:33:45 +0100",
      "kill_naga": "2023-07-07 22:16:12 +0100"
    },
    "done": true
  },
  "tutorial:tutorial/placeoak": {
    "criteria": {
      "Placed Oak Planks": "2023-07-02 00:54:03 +0100"
    },
    "done": false
  },
  "sf4:age_power/pristinewitherskeletonmatter": {
    "criteria": {
      "Obtain Pristine Wither Skeleton Matter": "2023-07-09 04:04:02 +0100"
    },
    "done": true
  },
  "sf4:age_farming/complete_no_prestige": {
    "criteria": {
      "Completed Cowabonsai!§r": "2023-07-02 12:27:51 +0100",
      "Prestige Mode Disabled": "2023-07-02 00:45:05 +0100",
      "Completed Citizen Cane§r": "2023-07-02 01:49:24 +0100",
      "Completed Sick Sprinkler§r": "2023-07-06 17:47:35 +0100",
      "Completed Shredded Wheat§r": "2023-07-02 20:42:44 +0100",
      "Completed Sweet Amber§r": "2023-07-09 11:30:21 +0100",
      "Completed Fertile Soil§r": "2023-07-09 10:57:17 +0100",
      "Completed This Little Piggy§r": "2023-07-02 20:51:05 +0100",
      "Completed Bonsai!!!§r": "2023-07-02 01:24:02 +0100",
      "Completed Don\u0027t Eat the Yellow Mulch§r": "2023-07-09 11:01:12 +0100",
      "Completed TuMULCHuous§r": "2023-07-02 12:27:45 +0100",
      "Completed Age of Farming§r": "2023-07-02 00:45:05 +0100",
      "Completed It\u0027s the End of the World As We Know It§r": "2023-07-09 04:11:57 +0100",
      "Completed Beanboozled§r": "2023-07-02 20:38:09 +0100",
      "Completed Goodbye Ruby Mulch§r": "2023-07-09 12:15:29 +0100"
    },
    "done": false
  },
  "sf4:age_allthethingsomglol/pristinematter": {
    "criteria": {
      "Pristine Wither Skeleton Matter": "2023-07-09 04:04:02 +0100"
    },
    "done": false
  },
  "sf4:age_allthethingsomglol/root": {
    "criteria": {
      "inventoryChange": "2023-07-02 00:45:05 +0100"
    },
    "done": true
  }
}