{"stat.mineBlock.sky_orchards.log_coal":28,"stat.craftItem.realfilingcabinet.modelcabinet":30,"stat.pickup.appliedenergistics2.crafting_storage_4k":3,"stat.pickup.sky_orchards.resin_quartz":22,"stat.pickup.mekanism.machineblock3":2,"stat.craftItem.sky_orchards.amber_osmium":155,"stat.entityKilledBy.Human":1,"stat.craftItem.sky_orchards.amber_bone":2,"stat.mineBlock.minecraft.stained_glass":216,"stat.pickup.rustic.crushing_tub":1,"stat.pickup.tconstruct.faucet":3,"stat.mineBlock.chisel.factory":96,"stat.mineBlock.sky_orchards.log_dirt":40,"stat.drop.minecraft.iron_sword":1,"stat.pickup.minecraft.rotten_flesh":15,"stat.pickup.uppers.upper":6,"stat.craftItem.minecraft.stone_axe":4,"stat.pickup.sky_orchards.resin_emerald":64,"stat.pickup.minecraft.cobblestone_wall":11,"stat.killEntity.Enderman":10,"stat.pickup.integrateddynamics.menril_berries":42,"stat.mineBlock.minecraft.end_stone":17,"stat.craftItem.nuclearcraft.fuel_reprocessor_idle":0,"stat.useItem.minecraft.iron_pickaxe":17,"stat.craftItem.tp.diamond_cobblegen_block":3,"stat.pickup.minecraft.stained_hardened_clay":5,"stat.craftItem.appliedenergistics2.storage_cell_4k":0,"stat.pickup.minecraft.double_plant":1,"stat.craftItem.minecraft.glass_pane":16,"stat.craftItem.cyclicmagic.energy_pump":5,"stat.furnaceInteraction":432,"stat.craftItem.sky_orchards.acorn_coal":2338,"stat.mineBlock.telepastries.overworld_cake":1,"stat.mineBlock.ae2stuff.inscriber":3,"stat.craftItem.sky_orchards.acorn_dirt":2020,"stat.drop.buildinggadgets.buildingtool":1,"stat.pickup.sky_orchards.acorn_coal":45,"stat.pickup.mob_grinding_utils.spikes":1,"stat.drop.minecraft.cactus":2,"stat.pickup.sky_orchards.acorn_dirt":43,"stat.craftItem.weirdinggadget.weirding_gadget":1,"stat.useItem.minecraft.fence":24,"stat.pickup.mysticalagriculture.tier1_inferium_seeds":1,"stat.pickup.ceramics.unfired_clay":1,"stat.drop.minecraft.furnace":1,"stat.mineBlock.tp.diamond_cobblegen_block":2,"stat.mineBlock.minecraft.fence":1,"stat.useItem.minecraft.flint_and_steel":4,"stat.useItem.minecraft.wheat_seeds":8,"stat.pickup.cyclicmagic.energy_pump":8,"stat.craftItem.morecauldrons.cobble_cauldron":1,"stat.pickup.minecraft.emerald":24,"stat.craftItem.appliedenergistics2.storage_cell_1k":1,"stat.pickup.minecraft.lever":12,"stat.deaths":11,"stat.craftItem.minecraft.melon_seeds":2,"stat.pickup.minecraft.egg":213,"stat.pickup.horsepower.chopping_block":1,"stat.mineBlock.integrateddynamics.coal_generator":5,"stat.craftItem.minecraft.iron_pickaxe":2,"stat.pickup.integrateddynamics.energy_battery":1,"stat.useItem.chisel.planks-oak":93,"stat.craftItem.conarm.armorstation":1,"stat.pickup.mekanism.energycube":10,"stat.pickup.minecraft.item_frame":1,"stat.useItem.chisel.technical":14,"stat.craftItem.sky_orchards.acorn_glowstone":64,"stat.craftItem.minecraft.repeater":9,"stat.useItem.sky_orchards.sapling_sand":6,"stat.useItem.mekanismgenerators.generator":18,"stat.pickup.minecraft.cooked_mutton":1,"stat.chestOpened":2472,"stat.useItem.sky_orchards.acorn_petrified":12,"stat.craftItem.minecraft.sign":33,"stat.drop.sky_orchards.amber_tin":1,"stat.craftItem.cyclicmagic.clock":4,"stat.pickup.mekanism.mufflingupgrade":1,"stat.mineBlock.sky_orchards.leaves_iron":383,"stat.craftItem.minecraft.quartz_block":192,"stat.craftItem.chisel.futura":0,"stat.useItem.chisel.stonebrick":45,"stat.craftItem.minecraft.coal":892,"stat.craftItem.uppers.upper":8,"stat.craftItem.buildinggadgets.buildingtool":4,"stat.pickup.deepmoblearning.simulation_chamber":2,"stat.craftItem.sky_orchards.sapling_redstone":2,"stat.craftItem.minecraft.ender_chest":0,"stat.pickup.minecraft.carrot":105,"stat.crouchOneCm":314141,"stat.craftItem.minecraft.diamond":252,"stat.craftItem.minecraft.iron_ingot":1395,"stat.pickup.bonsaitrees.bonsaipot":18,"stat.craftItem.malisisdoors.big_door_oak_3x3":1,"stat.craftItem.xlfoodmod.cooked_dough":24,"stat.craftingTableInteraction":112,"stat.mineBlock.minecraft.wooden_pressure_plate":3,"stat.mineBlock.appliedenergistics2.inscriber":8,"stat.craftItem.mysticalagriculture.intermedium_apple":0,"stat.mineBlock.tconstruct.rack":2,"stat.craftItem.tconstruct.pattern":60,"stat.mineBlock.tconstruct.smeltery_io":1,"stat.craftItem.tconstruct.seared_glass":4,"stat.pickup.minecraft.dye":48,"stat.pickup.minecraft.planks":52,"stat.pickup.sky_orchards.resin_iron":52,"stat.craftItem.deepmoblearning.data_model_blaze":1,"stat.craftItem.tconstruct.slime_congealed":85,"stat.craftItem.nuclearcraft.nuclear_furnace_idle":0,"stat.craftItem.nuclearcraft.depleted_fuel_thorium":39,"stat.craftItem.mekanism.speedupgrade":15,"stat.mineBlock.minecraft.ender_chest":1,"stat.pickup.compactstorage.compactchest":2,"stat.pickup.sky_orchards.sapling_iron":26,"stat.mineBlock.bdsandm.wood_barrel":1,"stat.useItem.realfilingcabinet.modelcabinet":18,"stat.drop.minecraft.rotten_flesh":2,"stat.pickup.appliedenergistics2.energy_acceptor":4,"stat.craftItem.bdsandm.metal_crate":0,"stat.drop.cyclicmagic.tool_push":1,"stat.pickup.tconstruct.pickaxe":1,"stat.pickup.cyclicmagic.sprout_seed":1,"stat.craftItem.nuclearcraft.thorium":1074,"stat.mineBlock.simplegenerators.turbine_simple":1,"stat.craftItem.mysticalagriculture.lithium_seeds":0,"stat.pickup.sky_orchards.resin_gravel":88,"stat.craftItem.integrateddynamics.drying_basin":2,"stat.useItem.xnet.facade":9,"stat.useItem.slabmachines.furnace_slab":1,"stat.drop.xlfoodmod.coffee_cup":1,"stat.pickup.sky_orchards.resin_silver":1,"stat.craftItem.sky_orchards.acorn_gravel":421,"stat.drop.minecraft.sapling":1,"stat.pickup.minecraft.chicken":16,"stat.craftItem.cyclicmagic.auto_crafter":1,"stat.craftItem.appliedenergistics2.inscriber":5,"stat.pickup.minecraft.end_stone":52,"stat.pickup.minecraft.coal_block":3,"stat.craftItem.minecraft.bucket":14,"stat.craftItem.minecraft.planks":5904,"stat.useItem.minecraft.iron_sword":273,"stat.craftItem.minecraft.dirt":333,"stat.mineBlock.realfilingcabinet.modelcabinet":13,"stat.useItem.minecraft.stonebrick":650,"stat.craftItem.minecraft.wooden_door":15,"stat.craftItem.minecraft.log":3337,"stat.craftItem.sky_orchards.sapling_donut":2,"stat.useItem.sky_orchards.acorn_sand":1,"stat.pickup.integrateddynamics.coal_generator":5,"stat.pickup.appliedenergistics2.part":194,"stat.craftItem.mysticalagriculture.prudentium_apple":0,"stat.pickup.nuclearcraft.isotope_separator_idle":1,"stat.useItem.chisel.factory1":65,"stat.craftItem.minecraft.cobblestone":43,"stat.useItem.tconstruct.shuriken":1,"stat.mineBlock.minecraft.cobblestone":466,"stat.pickup.minecraft.flint":25,"stat.killEntity.Human":11,"stat.craftItem.ae2stuff.inscriber":0,"stat.craftItem.sky_orchards.sapling_emerald":1,"stat.useItem.cyclicmagic.cyclic_wand_build":119,"stat.craftItem.nuclearcraft.alloy_furnace_idle":0,"stat.pickup.realfilingcabinet.modelcabinet":13,"stat.drop.sky_orchards.amber_gold":1,"stat.mineBlock.appliedenergistics2.io_port":5,"stat.drop.minecraft.cobblestone":12,"stat.mineBlock.morecauldrons.oak_cauldron":4,"stat.craftItem.nuclearcraft.fuel_thorium":55,"stat.useItem.minecraft.stone_slab2":867,"stat.pickup.minecraft.iron_boots":1,"stat.drop.rustic.cabinet":2,"stat.pickup.integrateddynamics.mechanical_squeezer":5,"stat.craftItem.minecraft.furnace":50,"stat.craftItem.minecraft.lapis_block":28,"stat.pickup.thermalfoundation.ore":67,"stat.pickup.tp.cobblegen_block":4,"stat.mineBlock.cyclicmagic.trash":1,"stat.craftItem.minecraft.iron_boots":2,"stat.craftItem.mysticalagriculture.thorium_seeds":0,"stat.useItem.mysticalagriculture.fertilized_essence":118,"stat.mineBlock.morecauldrons.cobble_cauldron":8,"stat.mineBlock.fluxnetworks.fluxpoint":21,"stat.useItem.rustic.cabinet":1,"stat.useItem.minecraft.wooden_slab":5,"stat.mineBlock.telepastries.nether_cake":1,"stat.craftItem.minecraft.iron_block":6,"stat.useItem.mysticalagriculture.boron_seeds":16,"stat.craftItem.minecraft.stonebrick":1904,"stat.craftItem.telepastries.overworld_cake":2,"stat.pickup.thermaldynamics.duct_0":8,"stat.useItem.tconstruct.rack":3,"stat.useItem.nuclearcraft.ingot_block":9,"stat.pickup.sky_orchards.acorn_lead":64,"stat.killEntity.Creeper":5,"stat.ae2.ItemsInserted":64750,"stat.craftItem.mysticalagriculture.master_infusion_crystal":0,"stat.mineBlock.rustic.sapling_apple":1,"stat.craftItem.tconstruct.stone_stick":8,"stat.useItem.sky_orchards.sapling_petrified":18,"stat.sprintOneCm":1731971,"stat.drop.pickletweaks.iron_paxel":1,"stat.mineBlock.minecraft.stone_slab":10,"stat.drop.minecraft.leather":4,"stat.useItem.sky_orchards.leaves_diamond":5,"stat.useItem.carryon.tile_item":229,"stat.mineBlock.uppers.upper":6,"stat.pickup.bdsandm.wood_barrel":1,"stat.mineBlock.sky_orchards.leaves_petrified":1045,"stat.mineBlock.sky_orchards.sapling_iron":2,"stat.drop.minecraft.boat":1,"stat.drop.minecraft.cobblestone_wall":4,"stat.pickup.deepmoblearning.pristine_matter_wither_skeleton":12,"stat.mineBlock.bonsaitrees.bonsaipot":16,"stat.craftItem.minecraft.emerald":85,"stat.pickup.mysticalagriculture.tier5_inferium_seeds":2,"stat.pickup.minecraft.iron_block":1,"stat.craftItem.deepmoblearning.data_model_guardian":1,"stat.killEntity.Zombie":7,"stat.craftItem.deepmoblearning.data_model_blank":2,"stat.craftItem.minecraft.dye":3739,"stat.useItem.animalcrops.seeds":6,"stat.pickup.buildinggadgets.buildingtool":2,"stat.craftItem.minecraft.diamond_axe":1,"stat.pickup.minecraft.wheat":161,"stat.drop.sky_orchards.sapling_clay":1,"stat.mineBlock.tp.iron_cobblegen_block":3,"stat.pickup.rftoolspower.information_screen":5,"stat.pickup.minecraft.sign":11,"stat.craftItem.mysticalagriculture.steel_seeds":0,"stat.craftItem.minecraft.cooked_porkchop":5,"stat.pickup.minecraft.obsidian":1123,"stat.craftItem.rustic.cabinet":3,"stat.useItem.minecraft.heavy_weighted_pressure_plate":3,"stat.craftItem.sky_orchards.sapling_coal":1,"stat.pickup.mysticalagriculture.supremium_sword":2,"stat.pickup.sky_orchards.resin_clay":63,"stat.drop.sky_orchards.amber_lead":1,"stat.mineBlock.appliedenergistics2.energy_acceptor":4,"stat.pickup.minecraft.coal":40,"stat.pickup.minecraft.iron_ingot":35,"stat.craftItem.minecraft.lever":7,"stat.drop.minecraft.diamond_sword":3,"stat.drop.minecraft.wooden_sword":1,"stat.pickup.minecraft.gunpowder":71,"stat.mineBlock.sky_orchards.log_sand":41,"stat.pickup.appliedenergistics2.facade":5,"stat.pickup.minecraft.dirt":177,"stat.pickup.cyclicmagic.clock":4,"stat.craftItem.integrateddynamics.menril_berries":64,"stat.drop.minecraft.enchanting_table":1,"stat.craftItem.realfilingcabinet.emptyfolder":120,"stat.brewingstandInteraction":2,"stat.useItem.minecraft.stone_brick_stairs":143,"stat.mineBlock.minecraft.torch":65,"stat.mineBlock.minecraft.red_flower":42,"stat.pickup.minecraft.written_book":3,"stat.pickup.minecraft.magma_cream":3,"stat.craftItem.minecraft.comparator":4,"stat.craftItem.integrateddynamics.coal_generator":2,"stat.craftItem.minecraft.glowstone":19,"stat.drop.minecraft.nether_star":3,"stat.pickup.appliedenergistics2.interface":8,"stat.drop.cyclicmagic.inventory_food":1,"stat.pickup.cyclicmagic.block_user":4,"stat.mineBlock.minecraft.fence_gate":1,"stat.pickup.sky_orchards.sapling_clay":28,"stat.killEntity.bouncy_creepers.bouncy_creeper":48,"stat.pickup.minecraft.shulker_shell":10,"stat.craftItem.sky_orchards.acorn_bone":26,"stat.craftItem.tconstruct.smeltery_io":4,"stat.pickup.minecraft.diamond_pickaxe":2,"stat.useItem.mysticalagriculture.lithium_seeds":15,"stat.useItem.minecraft.lava_bucket":4,"stat.craftItem.morecauldrons.oak_cauldron":1,"stat.craftItem.slabmachines.chest_slab":82,"stat.useItem.minecraft.melon":1,"stat.mineBlock.integrateddynamics.energy_battery":1,"stat.useItem.minecraft.stained_hardened_clay":3,"stat.craftItem.tconstruct.fancy_frame":0,"stat.drop.minecraft.egg":1,"stat.useItem.cyclicmagic.item_pipe":100,"stat.mobKills":290,"stat.pickup.cyclicmagic.fluid_pipe":14,"stat.mineBlock.simplegenerators.geothermal_upgradable":8,"stat.pickup.integrateddynamics.mechanical_drying_basin":6,"stat.drop.minecraft.written_book":4,"stat.useItem.minecraft.boat":1,"stat.mineBlock.tconstruct.wooden_hopper":1,"stat.pickup.minecraft.diamond":12,"stat.pickup.minecraft.beetroot_seeds":33,"stat.mineBlock.rustic.crushing_tub":1,"stat.mineBlock.sky_orchards.log_petrified":80,"stat.useItem.cyclicmagic.energy_pipe":121,"stat.pickup.tp.diamond_cobblegen_block":2,"stat.pickup.tconstruct.shuriken":2,"stat.pickup.inspirations.cactus_seeds":2,"stat.mineBlock.cyclicmagic.clock":4,"stat.pickup.cyclicmagic.energy_pipe":117,"stat.useItem.inspirations.potato_seeds":4,"stat.killEntity.Blaze":82,"stat.mineBlock.cyclicmagic.item_pipe":38,"stat.craftItem.appliedenergistics2.io_port":0,"stat.mineBlock.horsepower.chopping_block":1,"stat.pickup.minecraft.glowstone_dust":30,"stat.drop.minecraft.wooden_door":2,"stat.useItem.ae2stuff.inscriber":4,"stat.mineBlock.minecraft.stone_brick_stairs":11,"stat.mineBlock.minecraft.nether_brick_fence":1,"stat.drop.minecraft.poisonous_potato":2,"stat.pickup.appliedenergistics2.crafting_accelerator":4,"stat.pickup.cyclicmagic.emerald_chestplate":1,"stat.craftItem.tconstruct.casting":7,"stat.craftItem.minecraft.cobblestone_wall":126,"stat.mineBlock.darkutils.monolith":2,"stat.mineBlock.nuclearcraft.isotope_separator_idle":1,"stat.mineBlock.minecraft.sand":640,"stat.craftItem.deepmoblearning.soot_covered_plate":32,"stat.pickup.inspirations.mulch":5,"stat.hopperInspected":193,"stat.pickup.resourcehogs.mud_bucket":2,"stat.pickup.tconstruct.slime_sapling":1,"stat.craftItem.sky_orchards.acorn_osmium":768,"stat.pickup.darkutils.shulker_pearl":16,"stat.craftItem.mysticalagriculture.inferium_apple":0,"stat.craftItem.simplegenerators.combustion_simple":2,"stat.pickup.mekanismgenerators.generator":19,"stat.trappedChestTriggered":44,"stat.craftItem.fluxnetworks.fluxplug":2,"stat.pickup.integrateddynamics.menril_leaves":66,"stat.craftItem.minecraft.observer":2,"stat.useItem.sky_orchards.acorn_coal":2,"stat.craftItem.thermalfoundation.material":1213,"stat.craftItem.xlfoodmod.dough":48,"stat.craftItem.cyclicmagic.block_user":2,"stat.useItem.minecraft.cooked_mutton":1,"stat.pickup.mysticalagradditions.stuff":1,"stat.useItem.telepastries.overworld_cake":1,"stat.useItem.thermaldynamics.duct_0":7,"stat.pickup.mysticalagriculture.ultimate_reprocessor":1,"stat.killEntity.Horse":1,"stat.craftItem.minecraft.fence_gate":6,"stat.craftItem.mysticalagriculture.storage":0,"stat.mineBlock.simplegenerators.geothermal_simple":2,"stat.pickup.minecraft.pumpkin_seeds":13,"stat.craftItem.chisel.chisel_diamond":2,"stat.mineBlock.minecraft.soul_sand":20,"stat.craftItem.simplegenerators.geothermal_simple":2,"stat.craftItem.minecraft.prismarine_crystals":0,"stat.craftItem.nuclearcraft.water_source_compact":0,"stat.pickup.minecraft.blaze_rod":42,"stat.useItem.sky_orchards.acorn_dirt":8,"stat.craftItem.minecraft.diamond_block":0,"stat.pickup.nuclearcraft.dust":12,"stat.pickup.mekanism.otherdust":22,"stat.drop.xlfoodmod.donut":1,"stat.craftItem.nuclearcraft.fission_block":0,"stat.mineBlock.cyclicmagic.block_user":4,"stat.pickup.minecraft.netherrack":61,"stat.craftItem.fluxnetworks.fluxpoint":4,"stat.mineBlock.conarm.armorstation":2,"stat.craftItem.appliedenergistics2.nether_quartz_wrench":1,"stat.pickup.tconstruct.casting":8,"stat.craftItem.telepastries.twilight_cake":2,"stat.pickup.sky_orchards.acorn_petrified":110,"stat.craftItem.sky_orchards.sapling_diamond":1,"stat.craftItem.minecraft.flint":0,"stat.pickup.sky_orchards.resin_sand":94,"stat.useItem.chisel.futura":205,"stat.pickup.minecraft.brick_stairs":4,"stat.craftItem.telepastries.end_cake":1,"stat.craftItem.minecraft.iron_hoe":1,"stat.pickup.sky_orchards.resin_gold":2,"stat.craftItem.inspirations.mulch":34,"stat.craftItem.tconstruct.wooden_hopper":2,"stat.pickup.nuclearcraft.ore":119,"stat.pickup.minecraft.melon_seeds":13,"stat.craftItem.tconstruct.toolforge":2,"stat.pickup.minecraft.melon":51,"stat.pickup.resourcehogs.bacon":1,"stat.useItem.cyclicmagic.inventory_food":2,"stat.mineBlock.sky_orchards.leaves_sand":422,"stat.pickup.chisel.futura":32,"stat.craftItem.sky_orchards.acorn_emerald":765,"stat.pickup.sky_orchards.leaves_emerald":2,"stat.useItem.minecraft.furnace":7,"stat.craftItem.tconstruct.materials":130,"stat.pickup.minecraft.iron_leggings":1,"stat.drop.minecraft.fence_gate":1,"stat.useItem.minecraft.wool":18,"stat.craftItem.nuclearcraft.infuser_idle":0,"stat.craftItem.integrateddynamics.squeezer":2,"stat.useItem.minecraft.torch":316,"stat.craftItem.minecraft.redstone_block":270,"stat.craftItem.minecraft.stone_stairs":20,"stat.useItem.minecraft.log":157,"stat.pickup.minecraft.crafting_table":1,"stat.craftItem.sky_orchards.acorn_lapis":256,"stat.craftItem.minecraft.crafting_table":14,"stat.drop.minecraft.end_stone":1,"stat.pickup.simplegenerators.geothermal_simple":2,"stat.craftItem.minecraft.boat":0,"stat.pickup.cyclicmagic.dehydrator":1,"stat.pickup.minecraft.redstone_block":33,"stat.mineBlock.chisel.stonebrick":1,"stat.pickup.appliedenergistics2.nether_quartz_wrench":1,"stat.drop.minecraft.sign":1,"stat.craftItem.minecraft.stone_button":1,"stat.pickup.sky_orchards.acorn_sand":97,"stat.pickup.sky_orchards.amber_tin":1,"stat.pickup.minecraft.sapling":7,"stat.pickup.deepmoblearning.data_model_blank":1,"stat.drop.minecraft.melon_seeds":2,"stat.pickup.minecraft.beetroot":12,"stat.useItem.appliedenergistics2.nether_quartz_wrench":8,"stat.craftItem.sky_orchards.acorn_petrified":14,"stat.killEntity.WitherSkeleton":10,"stat.useItem.minecraft.wooden_pressure_plate":2,"stat.mineBlock.mekanism.machineblock":29,"stat.craftItem.minecraft.sugar":11,"stat.useItem.mysticalagriculture.steel_seeds":14,"stat.useItem.sky_orchards.sapling_coal":8,"stat.drop.sky_orchards.sapling_bacon":1,"stat.pickup.sky_orchards.sapling_diamond":2,"stat.pickup.rustic.deathstalk_mushroom":2,"stat.useItem.minecraft.baked_potato":199,"stat.pickup.minecraft.stone_slab":6,"stat.pickup.minecraft.yellow_flower":53,"stat.useItem.sky_orchards.sapling_dirt":5,"stat.drop.minecraft.wooden_axe":1,"stat.drop.deepmoblearning.data_model_wither":2,"stat.pickup.minecraft.bone":13,"stat.craftItem.minecraft.sticky_piston":64,"stat.craftItem.ceramics.unfired_clay":3,"stat.pickup.minecraft.redstone_torch":4,"stat.craftItem.nuclearcraft.decay_generator":0,"stat.mineBlock.sky_orchards.leaves_gravel":648,"stat.pickup.chisel.planks-oak":138,"stat.craftItem.sky_orchards.sapling_quartz":2,"stat.mineBlock.cyclicmagic.fluid_pump":3,"stat.craftItem.minecraft.bone":3,"stat.pickup.sky_orchards.resin_dirt":92,"stat.useItem.minecraft.diamond_sword":207,"stat.climbOneCm":213225,"stat.craftItem.minecraft.gold_block":51,"stat.pickup.tconstruct.slime_leaves":67,"stat.mineBlock.mekanism.energycube":9,"stat.enderchestOpened":1,"stat.ae2.ItemsExtracted":19373,"stat.drop.integrateddynamics.crystalized_menril_chunk":1,"stat.entityKilledBy.ranged_rogue_android":1,"stat.mineBlock.appliedenergistics2.interface":2,"stat.craftItem.minecraft.bone_block":4,"stat.craftItem.minecraft.trapdoor":4,"stat.craftItem.minecraft.quartz":960,"stat.drop.telepastries.end_cake":1,"stat.craftItem.minecraft.stone_pickaxe":2,"stat.pickup.minecraft.cobblestone":2121,"stat.craftItem.rftoolspower.information_screen":0,"stat.craftItem.minecraft.glass_bottle":18,"stat.pickup.minecraft.soul_sand":20,"stat.pickup.sky_orchards.resin_coal":54,"stat.pickup.minecraft.cactus":84,"stat.pickup.minecraft.dragon_egg":1,"stat.pickup.sky_orchards.sapling_petrified":55,"stat.craftItem.minecraft.dispenser":2,"stat.pickup.minecraft.redstone":49,"stat.useItem.mekanism.transmitter":2,"stat.drop.horsepower.chopping_block":1,"stat.craftItem.sky_orchards.acorn_quartz":768,"stat.killEntity.ranged_rogue_android":15,"stat.craftItem.minecraft.cake":6,"stat.mineBlock.deepmoblearning.extraction_chamber":1,"stat.pickup.pickletweaks.iron_paxel":1,"stat.mineBlock.thermalfoundation.ore":4,"stat.craftItem.mysticalagriculture.boron_seeds":0,"stat.pickup.minecraft.trapdoor":1,"stat.useItem.xlfoodmod.coffee":1,"stat.craftItem.tconstruct.soil":340,"stat.pickup.tconstruct.smeltery_controller":3,"stat.mineBlock.nuclearcraft.cell_block":22,"stat.mineBlock.sky_orchards.leaves_clay":539,"stat.craftItem.mekanism.robit":1,"stat.pickup.minecraft.nether_star":6,"stat.useItem.cyclicmagic.energy_pump":4,"stat.mineBlock.rustic.cabinet":2,"stat.craftItem.minecraft.stick":678,"stat.craftItem.tp.melon_juice":19,"stat.craftItem.minecraft.gold_nugget":297,"stat.useItem.mysticalagriculture.thorium_seeds":11,"stat.craftItem.minecraft.clay_ball":1124,"stat.entityKilledBy.Creeper":1,"stat.mineBlock.minecraft.planks":91,"stat.craftItem.tp.juicer":1,"stat.drop":206,"stat.useItem.tconstruct.seared":26,"stat.useItem.minecraft.melon_seeds":3,"stat.mineBlock.simplegenerators.combustion_simple":2,"stat.pickup.sky_orchards.acorn_cottonwood":56,"stat.pickup.cyclicmagic.fluid_pump":3,"stat.craftItem.minecraft.piston":70,"stat.mineBlock.bdsandm.shipping_container":1,"stat.pickup.morecauldrons.cobble_cauldron":8,"stat.useItem.minecraft.potion":6,"stat.pickup.endercrop.ender_seeds":3,"stat.pickup.minecraft.fence":4,"stat.useItem.minecraft.stone_axe":375,"stat.craftItem.minecraft.iron_helmet":1,"stat.pickup.farmingforblockheads.market":11,"stat.mineBlock.cyclicmagic.item_pump":11,"stat.craftItem.minecraft.flint_and_steel":2,"stat.pickup.conarm.armorstation":2,"stat.drop.inspirations.stone_crook":1,"stat.mineBlock.tconstruct.tooltables":5,"stat.craftItem.fluxnetworks.fluxblock":2,"stat.craftItem.minecraft.iron_bars":352,"stat.mineBlock.minecraft.furnace":1,"stat.pickup.minecraft.prismarine_shard":6,"stat.pickup.nuclearcraft.decay_generator":1,"stat.pickup.nuclearcraft.cell_block":22,"stat.damageDealt":54486,"stat.craftItem.minecraft.gravel":111,"stat.craftItem.nuclearcraft.part":0,"stat.pickup.minecraft.boat":1,"stat.mineBlock.integrateddynamics.squeezer":3,"stat.pickup.ceramics.clay_bucket":1,"stat.pickup.nuclearcraft.thorium":465,"stat.pickup.minecraft.stick":242,"stat.mineBlock.compactstorage.compactchest":1,"stat.craftItem.cyclicmagic.item_pipe":64,"stat.craftItem.mekanism.craftingformula":2,"stat.pickup.sky_orchards.acorn_clay":63,"stat.pickup.cyclicmagic.inventory_food":3,"stat.craftItem.bdsandm.metal_barrel":0,"stat.mineBlock.sky_orchards.log_gravel":43,"stat.mineBlock.bdsandm.metal_barrel":3,"stat.pickup.sky_orchards.acorn_gravel":95,"stat.craftItem.mekanismgenerators.generator":9,"stat.craftItem.nuclearcraft.manufactory_idle":0,"stat.craftItem.minecraft.redstone":2789,"stat.drop.sky_orchards.sapling_diamond":2,"stat.useItem.minecraft.cactus":8,"stat.craftItem.integrateddynamics.energy_battery":8,"stat.pickup.sky_orchards.sapling_silver":1,"stat.craftItem.tp.watering_can":2,"stat.craftItem.appliedenergistics2.crystal_seed":512,"stat.craftItem.sky_orchards.amber_cottonwood":8,"stat.craftItem.bdsandm.wood_crate":0,"stat.killEntity.Chicken":25,"stat.craftItem.nuclearcraft.cooler":0,"stat.craftItem.sky_orchards.sapling_glowstone":1,"stat.useItem.minecraft.iron_block":1,"stat.craftItem.appliedenergistics2.crafting_unit":0,"stat.craftItem.mekanism.machineblock3":2,"stat.mineBlock.minecraft.quartz_ore":101,"stat.useItem.cyclicmagic.auto_crafter":3,"stat.craftItem.minecraft.fence":51,"stat.mineBlock.minecraft.leaves":21,"stat.pickup.tp.blueberry_berry":4,"stat.mineBlock.tp.emerald_cobblegen_block":7,"stat.craftItem.simplegenerators.soul_simple":0,"stat.mineBlock.tconstruct.seared":15,"stat.craftItem.sky_orchards.amber_nickel":2,"stat.craftItem.nuclearcraft.upgrade":0,"stat.pickup.sky_orchards.leaves_copper":3,"stat.drop.twilightforest.cicada":1,"stat.leaveGame":13,"stat.drop.cyclicmagic.book_ender":1,"stat.pickup.tconstruct.edible":16,"stat.craftItem.minecraft.ender_eye":16,"stat.mineBlock.farmingforblockheads.market":9,"stat.craftItem.minecraft.string":574,"stat.killEntity.PigZombie":3,"stat.drop.mysticalagriculture.supremium_sword":1,"stat.useItem.elevatorid.elevator_white":2,"stat.craftItem.inspirations.dyed_bottle":8,"stat.craftItem.nuclearcraft.fission_port":0,"stat.pickup.sky_orchards.resin_cottonwood":72,"stat.pickup.sky_orchards.acorn_diamond":32,"stat.craftItem.telepastries.nether_cake":4,"stat.pickup.sky_orchards.leaves_donut":41,"stat.pickup.nuclearcraft.fission_block":85,"stat.pickup.sky_orchards.sapling_dirt":80,"stat.drop.sky_orchards.amber_silver":1,"stat.craftItem.nuclearcraft.isotope_separator_idle":0,"stat.mineBlock.twilightforest.cicada":3,"stat.craftItem.bdsandm.shipping_container":0,"stat.craftItem.bdsandm.upgrade":0,"stat.pickup.sky_orchards.resin_petrified":138,"stat.pickup.twilightforest.cicada":3,"stat.pickup.simplegenerators.turbine_simple":1,"stat.craftItem.integrateddynamics.mechanical_squeezer":2,"stat.craftItem.enderstorage.ender_storage":0,"stat.craftItem.conarm.armorforge":2,"stat.craftItem.mekanism.energycube":32,"stat.craftItem.minecraft.bed":2,"stat.mineBlock.deepmoblearning.simulation_chamber":1,"stat.craftItem.appliedenergistics2.crafting_storage_4k":0,"stat.pickup.cyclicmagic.item_pump":11,"stat.mineBlock.minecraft.hopper":25,"stat.pickup.thermalfoundation.material":24,"stat.craftItem.tp.iron_cobblegen_block":3,"stat.pickup.simplegenerators.geothermal_upgradable":8,"stat.craftItem.cyclicmagic.fluid_pipe":16,"stat.drop.inspirations.potato_seeds":1,"stat.craftItem.tp.emerald_cobblegen_block":4,"stat.pickup.minecraft.beef":2,"stat.craftItem.mysticalagriculture.crafting":64,"stat.pickup.deepmoblearning.data_model_wither":2,"stat.pickup.inspirations.potato_seeds":25,"stat.mineBlock.minecraft.stained_hardened_clay":5,"stat.pickup.sky_orchards.sapling_coal":31,"stat.pickup.tp.iron_cobblegen_block":3,"stat.pickup.tconstruct.smeltery_io":1,"stat.craftItem.deepmoblearning.extraction_chamber":2,"stat.craftItem.minecraft.dropper":10,"stat.useItem.minecraft.dye":1391,"stat.pickup.cyclicmagic.charm_air":4,"stat.drop.inspirations.sugar_cane_seeds":3,"stat.pickup.mekanism.dust":1,"stat.drop.minecraft.torch":4,"stat.drop.minecraft.glass_bottle":1,"stat.mineBlock.minecraft.tallgrass":746,"stat.pickup.tconstruct.seared":15,"stat.pickup.sky_orchards.acorn_quartz":29,"stat.pickup.inspirations.stone_crook":1,"stat.craftItem.minecraft.light_weighted_pressure_plate":64,"stat.craftItem.nuclearcraft.fission_controller_new_fixed":0,"stat.useItem.minecraft.stone":13,"stat.pickup.minecraft.arrow":11,"stat.craftItem.mekanism.machineblock":31,"stat.craftItem.deepmoblearning.trial_key":0,"stat.craftItem.appliedenergistics2.part":145,"stat.pickup.minecraft.wooden_pressure_plate":3,"stat.killEntity.Ghast":1,"stat.mineBlock.rustic.deathstalk_mushroom":1,"stat.mineBlock.integrateddynamics.mechanical_drying_basin":6,"stat.mineBlock.mekanism.machineblock3":2,"stat.drop.minecraft.iron_pickaxe":2,"stat.mineBlock.elevatorid.elevator_white":5,"stat.pickup.tconstruct.cast_custom":1,"stat.useItem.sky_orchards.sapling_gravel":8,"stat.mineBlock.minecraft.chest":44,"stat.pickup.darkutils.monolith":1,"stat.craftItem.minecraft.hopper":57,"stat.pickup.sky_orchards.resin_lapis":1,"stat.pickup.minecraft.nether_brick_fence":1,"stat.craftItem.cyclicmagic.trash":2,"stat.useItem.minecraft.reeds":6,"stat.craftItem.minecraft.wooden_sword":2,"stat.mineBlock.cyclicmagic.fluid_pipe":6,"stat.craftItem.sky_orchards.acorn_iron":2972,"stat.pickup.minecraft.wheat_seeds":165,"stat.mineBlock.minecraft.glass":1753,"stat.pickup.darkutils.material":2,"stat.pickup.sky_orchards.acorn_iron":32,"stat.mineBlock.minecraft.dirt":511,"stat.pickup.minecraft.poisonous_potato":8,"stat.craftItem.deepmoblearning.data_model_wither":0,"stat.useItem.minecraft.bread":16,"stat.pickup.inspirations.carrot_seeds":10,"stat.craftItem.tp.toasted_bread":1,"stat.craftItem.chisel.factory":128,"stat.useItem.minecraft.cobblestone":1031,"stat.mineBlock.chisel.futura":32,"stat.pickup.cyclicmagic.auto_crafter":4,"stat.craftItem.appliedenergistics2.drive":12,"stat.craftItem.minecraft.gold_ingot":261,"stat.pickup.minecraft.hopper":25,"stat.craftItem.chisel.chisel_iron":4,"stat.pickup.integrateddynamics.squeezer":3,"stat.mineBlock.sky_orchards.sapling_gravel":4,"stat.pickup.morecauldrons.oak_cauldron":4,"stat.mineBlock.minecraft.log":63,"stat.craftItem.appliedenergistics2.nether_quartz_cutting_knife":1,"stat.useItem.minecraft.wooden_door":1,"stat.pickup.rustic.sapling_apple":1,"stat.mineBlock.deepmoblearning.trial_keystone":2,"stat.craftItem.minecraft.paper":207,"stat.useItem.cyclicmagic.fluid_pipe":5,"stat.craftItem.nuclearcraft.water_source":0,"stat.pickup.minecraft.red_flower":44,"stat.mineBlock.sky_orchards.leaves_glowstone":2,"stat.mineBlock.sky_orchards.log_cottonwood":49,"stat.pickup.minecraft.wool":26,"stat.mineBlock.cyclicmagic.energy_pipe":87,"stat.useItem.minecraft.wooden_axe":59,"stat.useItem.cyclicmagic.emerald_sword":124,"stat.useItem.minecraft.iron_axe":83,"stat.craftItem.tconstruct.edible":68,"stat.drop.tconstruct.slime_sapling":1,"stat.mineBlock.minecraft.yellow_flower":52,"stat.useItem.minecraft.skull":1,"stat.drop.thermalfoundation.material":2,"stat.craftItem.minecraft.wool":97,"stat.pickup.pickletweaks.coal_piece":16,"stat.pickup.minecraft.glowstone":1,"stat.craftItem.nuclearcraft.neptunium":280,"stat.useItem.minecraft.obsidian":17,"stat.mineBlock.cyclicmagic.energy_pump":7,"stat.craftItem.chargers.wireless_charger":2,"stat.craftItem.xnet.facade":0,"stat.mineBlock.fluxnetworks.fluxplug":2,"stat.craftItem.mysticalagriculture.supremium_apple":0,"stat.useItem.minecraft.egg":170,"stat.mineBlock.minecraft.obsidian":506,"stat.mineBlock.sky_orchards.leaves_dirt":469,"stat.pickup.minecraft.shears":1,"stat.craftItem.minecraft.bow":2,"stat.craftItem.sky_orchards.amber_gold":386,"stat.craftItem.cyclicmagic.item_pump":0,"stat.flyOneCm":6048933,"stat.mineBlock.sky_orchards.leaves_coal":333,"stat.pickup.rustic.slate":1,"stat.craftItem.bdsandm.wood_barrel":0,"stat.timeSinceDeath":83236,"stat.useItem.minecraft.potato":35,"stat.drop.mysticalagriculture.supremium_apple":1,"stat.craftItem.tconstruct.seared":36,"stat.pickup.minecraft.nether_wart":22,"stat.craftItem.fluxnetworks.fluxcore":36,"stat.useItem.nuclearcraft.cooler":53,"stat.craftItem.minecraft.concrete_powder":40,"stat.mineBlock.minecraft.coal_ore":3,"stat.craftItem.minecraft.stone_hoe":4,"stat.mineBlock.sky_orchards.leaves_diamond":5,"stat.drop.minecraft.baked_potato":1,"stat.useItem.tp.toasted_bread":2,"stat.pickup.minecraft.string":46,"stat.mineBlock.minecraft.ladder":6,"stat.pickup.sky_orchards.leaves_osmium":22,"stat.pickup.mysticalagriculture.supremium_helmet":1,"stat.useItem.minecraft.written_book":2,"stat.craftItem.tconstruct.tooltables":12,"stat.pickup.sky_orchards.sapling_bacon":1,"stat.craftItem.minecraft.wooden_axe":1,"stat.craftItem.sky_orchards.acorn_redstone":2511,"stat.craftItem.valkyrielib.modifier_speed":38,"stat.craftItem.bdsandm.crate_key":0,"stat.craftItem.appliedenergistics2.crafting_accelerator":0,"stat.craftItem.minecraft.wooden_pressure_plate":2,"stat.pickup.sky_orchards.leaves_silver":10,"stat.useItem.minecraft.wooden_sword":11,"stat.mineBlock.tp.blueberry_bush":1,"stat.useItem.minecraft.ladder":5,"stat.craftItem.deepmoblearning.machine_casing":4,"stat.pickup.deepmoblearning.trial_keystone":2,"stat.pickup.nuclearcraft.ingot_block":6,"stat.diveOneCm":137161,"stat.pickup.tconstruct.tooltables":4,"stat.craftItem.minecraft.ladder":24,"stat.drop.minecraft.ladder":1,"stat.pickup.minecraft.stone_axe":1,"stat.useItem.sky_orchards.acorn_cottonwood":41,"stat.useItem.bonsaitrees.bonsaipot":12,"stat.pickup.deepmoblearning.extraction_chamber":2,"stat.craftItem.deepmoblearning.deep_learner":2,"stat.pickup.matteroverdrive.tritanium_ore":2,"stat.craftItem.minecraft.diamond_sword":2,"stat.jump":11445,"stat.useItem.minecraft.sand":13,"stat.mineBlock.mekanism.boundingblock":45,"stat.mineBlock.nuclearcraft.water_source":3,"stat.pickup.mysticalagriculture.supremium_chestplate":1,"stat.craftItem.mekanism.transmitter":0,"stat.pickup.malisisdoors.big_door_oak_3x3":4,"stat.craftItem.minecraft.torch":292,"stat.craftItem.sky_orchards.sapling_lapis":2,"stat.pickup.chargers.wireless_charger":1,"stat.useItem.minecraft.glass":1,"stat.pickup.sky_orchards.resin_bone":4,"stat.craftItem.minecraft.glowstone_dust":48,"stat.pickup.chisel.technical":2,"stat.mineBlock.minecraft.glass_pane":2,"stat.damageTaken":11599,"stat.pickup.cyclicmagic.trash":1,"stat.craftItem.deepmoblearning.data_model_wither_skeleton":0,"stat.mineBlock.minecraft.melon_block":12,"stat.craftItem.deepmoblearning.trial_keystone":0,"stat.pickup.appliedenergistics2.storage_cell_1k":9,"stat.drop.sky_orchards.sapling_silver":1,"stat.craftItem.sky_orchards.amber_lead":68,"stat.pickup.minecraft.bed":2,"stat.useItem.chisel.glass":239,"stat.pickup.minecraft.quartz_block":24,"stat.pickup.minecraft.potato":430,"stat.useItem.cyclicmagic.tool_push":60,"stat.killEntity.Shulker":21,"stat.useItem.mob_grinding_utils.spikes":1,"stat.craftItem.nuclearcraft.cell_block":0,"stat.craftItem.horsepower.chopping_block":4,"stat.craftItem.minecraft.stone_slab":18,"stat.animalsBred":1,"stat.useItem.minecraft.chest":79,"stat.pickup.sky_orchards.leaves_gold":6,"stat.pickup.sky_orchards.sapling_bone":13,"stat.mineBlock.integrateddynamics.mechanical_squeezer":4,"stat.pickup.chisel.factory":96,"stat.pickup.sky_orchards.leaves_sand":14,"stat.craftItem.mekanism.ingot":72,"stat.useItem.appliedenergistics2.inscriber":1,"stat.pickup.tp.emerald_cobblegen_block":7,"stat.craftItem.sky_orchards.amber_silver":3,"stat.useItem.mysticalagriculture.supremium_sword":3,"stat.useItem.cyclicmagic.heart_food":6,"stat.mineBlock.nuclearcraft.ingot_block":6,"stat.drop.inspirations.dyed_bottle":1,"stat.craftItem.minecraft.iron_chestplate":2,"stat.pickup.minecraft.baked_potato":31,"stat.pickup.minecraft.ender_pearl":16,"stat.pickup.minecraft.ladder":7,"stat.pickup.mekanismgenerators.turbineblade":3,"stat.useItem.minecraft.netherrack":9,"stat.craftItem.cyclicmagic.fluid_pump":2,"stat.mineBlock.minecraft.stonebrick":340,"stat.pickup.simplegenerators.combustion_simple":1,"stat.mineBlock.minecraft.glowstone":11,"stat.craftItem.sky_orchards.acorn_clay":1364,"stat.craftItem.minecraft.shears":1,"stat.useItem.appliedenergistics2.drive":18,"stat.useItem.minecraft.cobblestone_wall":46,"stat.pickup.mekanism.energyupgrade":1,"stat.pickup.deepmoblearning.deep_learner":2,"stat.pickup.minecraft.torch":120,"stat.craftItem.mekanism.controlcircuit":90,"stat.drop.minecraft.stone_axe":4,"stat.mineBlock.tp.cobblegen_block":4,"stat.drop.minecraft.shears":2,"stat.useItem.inspirations.sugar_cane_seeds":5,"stat.craftItem.sky_orchards.sapling_cottonwood":2,"stat.pickup.mysticalagriculture.supremium_leggings":1,"stat.useItem.sky_orchards.sapling_cottonwood":8,"stat.pickup.tconstruct.wooden_hopper":1,"stat.pickup.deepmoblearning.living_matter_hellish":2,"stat.craftItem.minecraft.iron_axe":1,"stat.useItem.tp.melon_juice":4,"stat.drop.minecraft.trapdoor":1,"stat.useItem.minecraft.planks":569,"stat.pickup.appliedenergistics2.drive":11,"stat.craftItem.xlfoodmod.donut":8,"stat.pickup.minecraft.porkchop":6,"stat.pickup.minecraft.glass":62,"stat.pickup.minecraft.blaze_powder":2,"stat.useItem.sky_orchards.sapling_iron":7,"stat.useItem.minecraft.water_bucket":26,"stat.pickup.minecraft.sand":847,"stat.pickup.mysticalagriculture.storage":896,"stat.craftItem.mekanism.basicblock":24,"stat.pickup.nuclearcraft.water_source":3,"stat.mineBlock.malisisdoors.big_door_oak_3x3":4,"stat.aviateOneCm":1879952,"stat.pickup.bdsandm.metal_barrel":3,"stat.useItem.minecraft.ender_pearl":1,"stat.drop.xlfoodmod.corn_seeds":1,"stat.pickup.elevatorid.elevator_white":5,"stat.drop.realfilingcabinet.folder":2,"stat.craftItem.minecraft.blaze_powder":34,"stat.drop.ceramics.clay_bucket":1,"stat.pickup.xlfoodmod.lettuce_seeds":15,"stat.pickup.nuclearcraft.cooler":26,"stat.pickup.minecraft.fence_gate":1,"stat.pickup.appliedenergistics2.inscriber":8,"stat.craftItem.nuclearcraft.ingot":0,"stat.pickup.minecraft.furnace":1,"stat.craftItem.minecraft.ender_pearl":21,"stat.useItem.uppers.upper":5,"stat.mineBlock.chisel.technical":2,"stat.pickup.minecraft.iron_chestplate":2,"stat.useItem.minecraft.stone_stairs":12,"stat.pickup.minecraft.skull":11,"stat.pickup.fluxnetworks.fluxpoint":21,"stat.pickup.deepmoblearning.soot_covered_redstone":73,"stat.craftItem.minecraft.sand":213,"stat.craftItem.appliedenergistics2.quartz_glass":40,"stat.useItem.minecraft.hopper":25,"stat.pickup.bdsandm.shipping_container":1,"stat.craftItem.minecraft.heavy_weighted_pressure_plate":42,"stat.playOneMinute":2994892,"stat.pickup.tconstruct.rack":2,"stat.craftItem.appliedenergistics2.energy_cell":0,"stat.pickup.appliedenergistics2.encoded_pattern":4,"stat.drop.tconstruct.shuriken":1,"stat.drop.inspirations.cactus_seeds":1,"stat.craftItem.appliedenergistics2.material":10,"stat.craftItem.tp.cobblegen_block":4,"stat.mineBlock.minecraft.netherrack":64,"stat.mineBlock.appliedenergistics2.cable_bus":60,"stat.useItem.nuclearcraft.fission_block":275,"stat.pickup.appliedenergistics2.io_port":5,"stat.mineBlock.rustic.slate":1,"stat.mineBlock.tconstruct.faucet":3,"stat.pickup.rustic.leaves_apple":17,"stat.craftItem.mob_grinding_utils.spikes":8,"stat.craftItem.minecraft.iron_nugget":36,"stat.fallOneCm":485683,"stat.drop.minecraft.dye":2,"stat.useItem.horsepower.chopping_block":1,"stat.craftItem.minecraft.chest":183,"stat.useItem.inspirations.mulch":1,"stat.mineBlock.minecraft.lever":10,"stat.useItem.minecraft.iron_hoe":6,"stat.craftItem.sky_orchards.acorn_cottonwood":126,"stat.pickup.sky_orchards.sapling_sand":37,"stat.pickup.minecraft.feather":14,"stat.useItem.bdsandm.metal_barrel":3,"stat.craftItem.integrateddynamics.crystalized_menril_block":28,"stat.pickup.slabmachines.furnace_slab":1,"stat.mineBlock.sky_orchards.sapling_petrified":2,"stat.useItem.minecraft.stone_pickaxe":87,"stat.craftItem.tconstruct.seared_tank":2,"stat.craftItem.minecraft.iron_leggings":2,"stat.craftItem.sky_orchards.amber_tin":0,"stat.pickup.nuclearcraft.upgrade":1,"stat.pickup.cyclicmagic.heart_food":2,"stat.craftItem.ceramics.clay_bucket":4,"stat.mineBlock.sky_orchards.sapling_coal":6,"stat.killEntity.LavaSlime":27,"stat.craftItem.appliedenergistics2.energy_acceptor":1,"stat.pickup.minecraft.log":1026,"stat.pickup.mekanism.machineblock":62,"stat.pickup.sky_orchards.leaves_quartz":12,"stat.craftItem.sky_orchards.acorn_sand":878,"stat.useItem.mysticalagriculture.guardian_seeds":5,"stat.mineBlock.chisel.glass":107,"stat.mineBlock.minecraft.iron_block":1,"stat.craftItem.tconstruct.smeltery_controller":4,"stat.craftItem.integrateddynamics.mechanical_drying_basin":2,"stat.killEntity.rogue_android":4,"stat.pickup.ae2stuff.inscriber":26,"stat.craftItem.thermaldynamics.duct_0":6,"stat.craftItem.sky_orchards.acorn_gold":1536,"stat.mineBlock.sky_orchards.log_clay":42,"stat.useItem.minecraft.stone_hoe":42,"stat.craftItem.appliedenergistics2.interface":0,"stat.craftItem.simplegenerators.geothermal_upgradable":2,"stat.mineBlock.sky_orchards.leaves_bacon":1,"stat.craftItem.sky_orchards.acorn_diamond":2348,"stat.useItem.minecraft.beetroot_seeds":3,"stat.sneakTime":107474,"stat.mineBlock.minecraft.cobblestone_wall":11,"stat.entityKilledBy.Blaze":1,"stat.pickup.minecraft.chest":138,"stat.drop.sky_orchards.sapling_lead":1,"stat.craftItem.nuclearcraft.uranium":168,"stat.craftItem.tconstruct.faucet":6,"stat.craftItem.minecraft.stone_brick_stairs":144,"stat.pickup.sky_orchards.amber_gold":64,"stat.pickup.enderstorage.ender_pouch":1,"stat.craftItem.sky_orchards.amber_iron":414,"stat.swimOneCm":76507,"stat.pickup.realfilingcabinet.folder":8,"stat.useItem.nuclearcraft.cell_block":52,"stat.useItem.minecraft.dirt":72,"stat.pickup.minecraft.enchanting_table":1,"stat.craftItem.extendedcrafting.handheld_table":1,"stat.drop.minecraft.fence":1,"stat.drop.chisel.chisel_iron":1,"stat.pickup.sky_orchards.leaves_nickel":7,"stat.pickup.appliedenergistics2.material":46,"stat.useItem.cyclicmagic.item_pump":30,"stat.craftItem.minecraft.wooden_slab":24,"stat.craftItem.integrateddynamics.crystalized_menril_chunk":557,"stat.mineBlock.cyclicmagic.auto_crafter":4,"stat.mineBlock.sky_orchards.leaves_cottonwood":546,"stat.useItem.minecraft.sign":26,"stat.craftItem.tp.blaze_cobblegen_block":4,"stat.useItem.minecraft.lever":14,"stat.mineBlock.minecraft.coal_block":3,"stat.pickup.sky_orchards.leaves_diamond":53,"stat.pickup.chisel.chisel_diamond":1,"stat.pickup.minecraft.stonebrick":574,"stat.useItem.sky_orchards.sapling_clay":7,"stat.drop.sky_orchards.sapling_cottonwood":1,"stat.craftItem.simplegenerators.soul_upgradable":0,"stat.craftItem.minecraft.brick_block":119,"stat.pickup.xlfoodmod.corn_seeds":1,"stat.craftItem.mekanism.energytablet":66,"stat.craftItem.minecraft.stone_slab2":0,"stat.pickup.sky_orchards.sapling_cottonwood":26,"stat.craftItem.mekanism.gastank":0,"stat.pickup.sky_orchards.leaves_bacon":1,"stat.pickup.cyclicmagic.book_ender":1,"stat.useItem.minecraft.stone_slab":22,"stat.pickup.fluxnetworks.fluxplug":2,"stat.craftItem.minecraft.stone":555,"stat.pickup.integrateddynamics.menril_log":30,"stat.useItem.tconstruct.casting":2,"stat.mineBlock.minecraft.crafting_table":1,"stat.useItem.minecraft.diamond_pickaxe":2599,"stat.craftItem.sky_orchards.acorn_lead":704,"stat.craftItem.deepmoblearning.simulation_chamber":2,"stat.mineBlock.minecraft.quartz_block":24,"stat.craftItem.animalcrops.seeds":20,"stat.craftItem.appliedenergistics2.storage_cell_16k":0,"stat.craftItem.nuclearcraft.dust":444,"stat.craftItem.mekanism.energyupgrade":0,"stat.craftItem.nuclearcraft.ingot_block":0,"stat.craftItem.sky_orchards.sapling_clay":2,"stat.pickup.rustic.cabinet":2,"stat.craftItem.minecraft.diamond_pickaxe":1,"stat.craftItem.minecraft.clay":346,"stat.pickup.integrateddynamics.crystalized_menril_chunk":38,"stat.pickup.chisel.factory1":52,"stat.pickup.minecraft.gravel":265,"stat.useItem.minecraft.glass_bottle":7,"stat.mineBlock.tconstruct.smeltery_controller":3,"stat.useItem.minecraft.diamond_axe":28,"stat.pickup.cyclicmagic.tool_push":1,"stat.mineBlock.appliedenergistics2.drive":11,"stat.useItem.sky_orchards.leaves_glowstone":1,"stat.pickup.minecraft.stone_brick_stairs":11,"stat.craftItem.minecraft.brick_stairs":80,"stat.pickup.minecraft.diamond_sword":2,"stat.pickup.minecraft.brick":78,"stat.craftItem.tconstruct.rack":4,"stat.pickup.minecraft.iron_helmet":1,"stat.useItem.tconstruct.tooltables":1,"stat.craftItem.bonsaitrees.bonsaipot":95,"stat.pickup.sky_orchards.acorn_donut":33,"stat.craftItem.minecraft.bread":3,"stat.pickup.minecraft.spider_eye":1,"stat.useItem.minecraft.cooked_chicken":1,"stat.pickup.tconstruct.slime_congealed":8,"stat.pickup.inspirations.sugar_cane_seeds":17,"stat.pickup.minecraft.leaves":4,"stat.drop.minecraft.iron_hoe":1,"stat.pickup.minecraft.leather":5,"stat.pickup.mysticalagriculture.crafting":1195,"stat.pickup.minecraft.reeds":669,"stat.pickup.minecraft.prismarine_crystals":2,"stat.craftItem.sky_orchards.amber_copper":2,"stat.pickup.tconstruct.materials":3,"stat.craftItem.deepmoblearning.polymer_clay":0,"stat.craftItem.minecraft.glass":141,"stat.craftItem.minecraft.cauldron":3,"stat.craftItem.resourcehogs.mud_bucket":2,"stat.sleepInBed":120,"stat.useItem.mysticalagriculture.supremium_apple":3,"stat.craftItem.minecraft.baked_potato":155,"stat.pickup.tconstruct.stone_stick":4,"stat.mineBlock.sky_orchards.log_iron":34,"stat.killEntity.Cow":1,"stat.killEntity.Pig":2,"stat.craftItem.minecraft.iron_sword":26,"stat.pickup.sky_orchards.acorn_bone":11,"stat.walkOneCm":5130146,"stat.pickup.sky_orchards.resin_donut":16,"stat.mineBlock.nuclearcraft.fission_block":85,"stat.playerKills":1,"stat.drop.resourcehogs.mud_bucket":3,"stat.craftItem.sky_orchards.sapling_bacon":2,"stat.craftItem.inspirations.wooden_crook":2,"stat.craftItem.elevatorid.elevator_white":7,"stat.craftItem.mysticalagriculture.superium_apple":0,"stat.mineBlock.thermaldynamics.duct_0":8,"stat.mineBlock.rftoolspower.information_screen":5,"stat.mineBlock.chisel.factory1":52,"stat.pickup.minecraft.stone":4,"stat.mineBlock.minecraft.wool":18,"stat.drop.sky_orchards.sapling_coal":1,"stat.drop.minecraft.emerald":85,"stat.useItem.minecraft.leaves":5,"stat.pickup.sky_orchards.sapling_gravel":33,"stat.craftItem.extracells.storage.casing":0,"stat.mineBlock.thermalfoundation.ore_fluid":21,"stat.killEntity.Skeleton":7,"stat.mineBlock.minecraft.cactus":11,"stat.mineBlock.nuclearcraft.cooler":25,"stat.craftItem.mekanismgenerators.turbineblade":12,"stat.craftItem.cyclicmagic.energy_pipe":144,"stat.mineBlock.minecraft.redstone_torch":4,"stat.pickup.cyclicmagic.item_pipe":39,"stat.killEntity.Spider":1,"stat.pickup.minecraft.bread":17,"stat.mineBlock.inspirations.mulch":1,"stat.pickup.minecraft.quartz":103,"stat.craftItem.farmingforblockheads.market":4,"stat.pickup.minecraft.water_bucket":1,"stat.craftItem.valkyrielib.modifier_component":48,"stat.craftItem.slabmachines.furnace_slab":4,"stat.pickup.mysticalagriculture.supremium_boots":1,"stat.useItem.appliedenergistics2.part":143,"stat.useItem.chisel.factory":133,"stat.mineBlock.nuclearcraft.decay_generator":1,"stat.mineBlock.tconstruct.casting":20,"stat.pickup.minecraft.elytra":3,"stat.mineBlock.chisel.planks-oak":157,"stat.craftItem.minecraft.coal_block":1,"stat.drop.minecraft.beef":2,"stat.craftItem.endercrop.ender_seeds":2,"stat.useItem.appliedenergistics2.interface":1,"stat.craftItem.minecraft.brick":707,"stat.mineBlock.minecraft.stone":2,"stat.craftItem.simplegenerators.turbine_simple":0,"stat.mineBlock.mob_grinding_utils.spikes":4,"stat.craftItem.mekanism.teleportationcore":2}