{"stat.mineBlock.sky_orchards.log_coal":39,"stat.craftItem.realfilingcabinet.modelcabinet":1,"stat.craftItem.sky_orchards.sapling_sand":1,"stat.useItem.minecraft.painting":18,"stat.craftItem.mysticalagriculture.infusion_crystal":4,"stat.drop.minecraft.gunpowder":3,"stat.pickup.mekanism.machineblock2":18,"stat.mineBlock.mekanism.gastank":3,"stat.pickup.mekanism.gastank":3,"stat.mineBlock.minecraft.stained_glass":18,"stat.mineBlock.sky_orchards.log_dirt":64,"stat.pickup.minecraft.rotten_flesh":550,"stat.mineBlock.minecraft.purpur_stairs":2,"stat.craftItem.minecraft.stone_axe":7,"stat.pickup.minecraft.cobblestone_wall":28,"stat.pickup.minecraft.bucket":1,"stat.killEntity.Enderman":12,"stat.mineBlock.minecraft.end_stone":362,"stat.mineBlock.weirdinggadget.weirding_gadget":1,"stat.pickup.minecraft.stained_hardened_clay":8,"stat.furnaceInteraction":242,"stat.craftItem.sky_orchards.acorn_coal":16,"stat.useItem.minecraft.golden_carrot":5,"stat.mineBlock.minecraft.chorus_plant":2,"stat.pickup.headcrumbs.skull":2,"stat.pickup.minecraft.nether_brick":30,"stat.craftItem.sky_orchards.acorn_dirt":1921,"stat.drop.buildinggadgets.buildingtool":1,"stat.useItem.minecraft.end_stone":28,"stat.pickup.sky_orchards.acorn_coal":48,"stat.pickup.minecraft.hay_block":1,"stat.useItem.twilightforest.cooked_venison":8,"stat.pickup.sky_orchards.acorn_dirt":124,"stat.useItem.minecraft.fence":143,"stat.pickup.mysticalagriculture.tier1_inferium_seeds":155,"stat.craftItem.telepastries.hunting_dimension_cake":1,"stat.mineBlock.tconstruct.ore":325,"stat.craftItem.thermalfoundation.tool.fishing_rod_diamond":0,"stat.mineBlock.minecraft.fence":70,"stat.useItem.minecraft.wheat_seeds":1,"stat.mineBlock.sky_orchards.log_tin":36,"stat.killEntity.twilightforest.naga":1,"stat.pickup.minecraft.emerald":85,"stat.craftItem.morecauldrons.cobble_cauldron":1,"stat.craftItem.mysticalagriculture.mystical_machine_frame":8,"stat.pickup.minecraft.lever":2,"stat.deaths":19,"stat.pickup.minecraft.egg":200,"stat.pickup.sky_orchards.sapling_lapis":1,"stat.useItem.chisel.planks-oak":4,"stat.pickup.minecraft.item_frame":1,"stat.pickup.mekanism.energycube":3,"stat.craftItem.minecraft.repeater":0,"stat.craftItem.industrialforegoing.animal_byproduct_recolector":0,"stat.craftItem.minecraft.cooked_mutton":2,"stat.fishCaught":13,"stat.useItem.sky_orchards.sapling_sand":29,"stat.chestOpened":2109,"stat.useItem.sky_orchards.acorn_petrified":6,"stat.craftItem.minecraft.sign":3,"stat.drop.sky_orchards.amber_tin":1,"stat.mineBlock.mysticalagriculture.ultimate_reprocessor":1,"stat.pickup.sky_orchards.acorn_cobalt":11,"stat.craftItem.minecraft.quartz_block":64,"stat.craftItem.minecraft.coal":3,"stat.pickup.deepmoblearning.simulation_chamber":1,"stat.pickup.minecraft.carrot":7,"stat.crouchOneCm":274856,"stat.craftItem.minecraft.diamond":710,"stat.craftItem.minecraft.iron_ingot":855,"stat.pickup.bonsaitrees.bonsaipot":7,"stat.craftingTableInteraction":2,"stat.mineBlock.minecraft.wooden_pressure_plate":8,"stat.craftItem.mysticalagriculture.intermedium_apple":0,"stat.mineBlock.tconstruct.rack":14,"stat.craftItem.tconstruct.pattern":11,"stat.mineBlock.minecraft.log2":36,"stat.pickup.minecraft.wooden_pickaxe":1,"stat.craftItem.tconstruct.seared_glass":12,"stat.pickup.minecraft.dye":29,"stat.pickup.minecraft.planks":208,"stat.pickup.sky_orchards.resin_iron":66,"stat.pickup.weirdinggadget.weirding_gadget":1,"stat.craftItem.tconstruct.slime_congealed":72,"stat.pickup.sky_orchards.acorn_prosperity":225,"stat.craftItem.minecraft.magma":4,"stat.drop.sky_orchards.acorn_iron":64,"stat.pickup.compactstorage.compactchest":3,"stat.pickup.tconstruct.pattern":16,"stat.pickup.sky_orchards.sapling_iron":1,"stat.drop.minecraft.rotten_flesh":1,"stat.drop.cyclicmagic.tool_push":1,"stat.pickup.tconstruct.pickaxe":1,"stat.mineBlock.sky_orchards.sapling_clay":2,"stat.drop.bonsaitrees.bonsaipot":2,"stat.pickup.sky_orchards.resin_gravel":91,"stat.useItem.xnet.facade":9,"stat.drop.xlfoodmod.coffee_cup":1,"stat.craftItem.sky_orchards.acorn_gravel":256,"stat.pickup.minecraft.chicken":44,"stat.pickup.minecraft.end_stone":331,"stat.pickup.slabmachines.workbench_slab":1,"stat.drop.mysticalagriculture.ultimate_reprocessor":1,"stat.craftItem.enderutilities.enderpart":14,"stat.pickup.minecraft.coal_block":1,"stat.useItem.mysticalagriculture.growth_accelerator":275,"stat.craftItem.minecraft.bucket":2,"stat.craftItem.minecraft.planks":2712,"stat.craftItem.minecraft.dirt":442,"stat.craftItem.rustic.fertile_soil":1,"stat.pickup.minecraft.book":67,"stat.useItem.minecraft.stonebrick":26,"stat.craftItem.minecraft.wooden_door":3,"stat.useItem.sky_orchards.acorn_sand":5,"stat.craftItem.mysticalagriculture.prudentium_apple":0,"stat.mineBlock.sky_orchards.leaves_prosperity":2294,"stat.craftItem.industrialforegoing.sewage_composter_solidifier":0,"stat.useItem.tconstruct.shuriken":449,"stat.mineBlock.minecraft.cobblestone":2131,"stat.pickup.minecraft.flint":52,"stat.killEntity.Human":123,"stat.useItem.industrialforegoing.tree_fluid_extractor":3,"stat.mineBlock.minecraft.stained_glass_pane":7,"stat.craftItem.compactstorage.chestbuilder":1,"stat.drop.minecraft.cobblestone":122,"stat.mineBlock.morecauldrons.oak_cauldron":1,"stat.useItem.minecraft.stone_slab2":563,"stat.craftItem.minecraft.furnace":4,"stat.mineBlock.mekanism.transmitter":11,"stat.craftItem.minecraft.lapis_block":128,"stat.craftItem.minecraft.iron_boots":2,"stat.mineBlock.minecraft.clay":137,"stat.useItem.mysticalagriculture.fertilized_essence":2,"stat.mineBlock.morecauldrons.cobble_cauldron":1,"stat.mineBlock.fluxnetworks.fluxpoint":5,"stat.pickup.twilightforest.twilight_sapling":2,"stat.craftItem.minecraft.iron_block":1,"stat.craftItem.minecraft.stonebrick":128,"stat.pickup.twilightforest.naga_scale":8,"stat.mineBlock.cyclicmagic.block_hydrator":3,"stat.useItem.tconstruct.rack":16,"stat.killEntity.Creeper":133,"stat.ae2.ItemsInserted":17042,"stat.craftItem.mysticalagriculture.master_infusion_crystal":2,"stat.mineBlock.rustic.sapling_apple":2,"stat.useItem.tp.growth_upgrade":1,"stat.entityKilledBy.Skeleton":1,"stat.drop.minecraft.obsidian":3,"stat.craftItem.tconstruct.stone_stick":16,"stat.useItem.sky_orchards.sapling_petrified":12,"stat.killEntity.Squid":6,"stat.sprintOneCm":2505482,"stat.mineBlock.minecraft.stone_slab":4,"stat.useItem.minecraft.hay_block":6,"stat.drop.minecraft.stone_hoe":2,"stat.useItem.carryon.tile_item":40,"stat.mineBlock.sky_orchards.leaves_petrified":701,"stat.craftItem.mysticalagriculture.supremium_chestplate":4,"stat.mineBlock.cyclicmagic.void_anvil":1,"stat.pickup.inspirations.wooden_crook":1,"stat.craftItem.sky_orchards.amber_prosperity":144,"stat.pickup.tconstruct.nuggets":32,"stat.craftItem.mysticalagriculture.tier4_inferium_seeds":1,"stat.drop.minecraft.cobblestone_wall":3,"stat.pickup.minecraft.sugar":2,"stat.mineBlock.bonsaitrees.bonsaipot":7,"stat.craftItem.minecraft.emerald":192,"stat.pickup.mysticalagriculture.tier5_inferium_seeds":67,"stat.killEntity.Zombie":154,"stat.craftItem.minecraft.dye":3117,"stat.pickup.buildinggadgets.buildingtool":2,"stat.craftItem.minecraft.diamond_axe":3,"stat.pickup.minecraft.wheat":72,"stat.craftItem.mysticalagriculture.prudentium_reprocessor":0,"stat.craftItem.minecraft.cooked_porkchop":6,"stat.pickup.minecraft.obsidian":1826,"stat.useItem.minecraft.heavy_weighted_pressure_plate":22,"stat.craftItem.cyclicmagic.block_hydrator":2,"stat.pickup.sky_orchards.resin_clay":85,"stat.pickup.xlfoodmod.onion":1,"stat.pickup.minecraft.coal":183,"stat.pickup.minecraft.iron_ingot":21,"stat.craftItem.minecraft.lever":3,"stat.drop.minecraft.diamond_sword":2,"stat.pickup.minecraft.gunpowder":550,"stat.mineBlock.sky_orchards.log_sand":140,"stat.pickup.minecraft.dirt":43,"stat.pickup.cyclicmagic.clock":3,"stat.mineBlock.sky_orchards.sapling_prosperity":23,"stat.drop.minecraft.enchanting_table":1,"stat.pickup.matteroverdrive.weapon_module_ricochet":1,"stat.craftItem.realfilingcabinet.emptyfolder":8,"stat.brewingstandInteraction":19,"stat.useItem.cyclicmagic.tool_rotate":6,"stat.mineBlock.minecraft.torch":43,"stat.pickup.minecraft.written_book":1,"stat.mineBlock.industrialforegoing.latex_processing_unit":6,"stat.pickup.minecraft.magma_cream":7,"stat.craftItem.minecraft.sea_lantern":0,"stat.craftItem.minecraft.glowstone":16,"stat.drop.cyclicmagic.inventory_food":1,"stat.pickup.cyclicmagic.block_user":2,"stat.pickup.minecraft.diamond_axe":1,"stat.pickup.sky_orchards.sapling_clay":29,"stat.killEntity.bouncy_creepers.bouncy_creeper":127,"stat.useItem.sky_orchards.acorn_gravel":1,"stat.pickup.minecraft.shulker_shell":18,"stat.craftItem.sky_orchards.acorn_bone":1664,"stat.pickup.minecraft.diamond_pickaxe":1,"stat.craftItem.slabmachines.chest_slab":4,"stat.pickup.mekanism.substrate":32,"stat.craftItem.mysticalagriculture.tier3_inferium_seeds":10,"stat.mineBlock.cyclicmagic.dehydrator":1,"stat.craftItem.mysticalagriculture.charm":0,"stat.useItem.minecraft.stained_hardened_clay":2,"stat.pickup.slabmachines.crafting_station_slab":2,"stat.useItem.cyclicmagic.item_pipe":24,"stat.mobKills":1627,"stat.pickup.cyclicmagic.fluid_pipe":14,"stat.pickup.minecraft.diamond_boots":2,"stat.mineBlock.minecraft.bookshelf":22,"stat.drop.minecraft.written_book":1,"stat.pickup.minecraft.diamond":3,"stat.pickup.minecraft.beetroot_seeds":13,"stat.mineBlock.sky_orchards.log_petrified":84,"stat.useItem.cyclicmagic.energy_pipe":88,"stat.pickup.tconstruct.shuriken":3,"stat.mineBlock.cyclicmagic.clock":3,"stat.pickup.cyclicmagic.energy_pipe":42,"stat.useItem.minecraft.bookshelf":38,"stat.useItem.minecraft.soul_sand":135,"stat.killEntity.Blaze":242,"stat.mineBlock.cyclicmagic.item_pipe":13,"stat.drop.rustic.leaves_apple":17,"stat.drop.minecraft.skull":2,"stat.useItem.cyclicmagic.fluid_pump":9,"stat.craftItem.teslacorelib.machine_case":0,"stat.drop.tconstruct.pickaxe":1,"stat.pickup.minecraft.glowstone_dust":129,"stat.mineBlock.minecraft.nether_brick_fence":13,"stat.drop.minecraft.poisonous_potato":1,"stat.craftItem.minecraft.cobblestone_wall":102,"stat.mineBlock.darkutils.monolith":1,"stat.craftItem.minecraft.stone_sword":4,"stat.mineBlock.minecraft.sand":1,"stat.pickup.inspirations.mulch":1,"stat.craftItem.telepastries.lost_city_cake":1,"stat.useItem.minecraft.fence_gate":1,"stat.hopperInspected":67,"stat.pickup.resourcehogs.mud_bucket":1,"stat.pickup.tconstruct.slime_sapling":4,"stat.pickup.darkutils.shulker_pearl":29,"stat.craftItem.mysticalagriculture.inferium_apple":0,"stat.pickup.minecraft.ghast_tear":4,"stat.pickup.mob_grinding_utils.fan_upgrade":24,"stat.drop.nuclearcraft.cooler":1,"stat.trappedChestTriggered":58,"stat.drop.compactstorage.compactchest":1,"stat.craftItem.minecraft.magma_cream":30,"stat.drop.matteroverdrive.rogue_android_part":1,"stat.useItem.sky_orchards.acorn_coal":12,"stat.craftItem.thermalfoundation.material":64,"stat.drop.minecraft.wooden_pressure_plate":2,"stat.craftItem.cyclicmagic.block_user":4,"stat.useItem.minecraft.cooked_mutton":1,"stat.pickup.mysticalagriculture.tier2_inferium_seeds":257,"stat.pickup.mysticalagradditions.stuff":6,"stat.useItem.telepastries.overworld_cake":1,"stat.pickup.mysticalagriculture.ultimate_reprocessor":1,"stat.drop.minecraft.prismarine_shard":2,"stat.pickup.minecraft.stone_stairs":3,"stat.craftItem.minecraft.fence_gate":2,"stat.craftItem.mysticalagriculture.storage":2157,"stat.pickup.tconstruct.slime_dirt":2,"stat.pickup.minecraft.pumpkin_seeds":1,"stat.mineBlock.minecraft.soul_sand":1210,"stat.craftItem.minecraft.prismarine_crystals":0,"stat.pickup.minecraft.blaze_rod":69,"stat.craftItem.twilightforest.cooked_venison":8,"stat.useItem.sky_orchards.acorn_dirt":32,"stat.craftItem.minecraft.diamond_block":23,"stat.pickup.mekanism.otherdust":116,"stat.craftItem.mysticalagriculture.supremium_helmet":4,"stat.craftItem.enderutilities.machine_0":2,"stat.mineBlock.cyclicmagic.block_user":2,"stat.drop.cyclicmagic.heart_food":2,"stat.pickup.minecraft.netherrack":2354,"stat.useItem.slabmachines.crafting_station_slab":6,"stat.pickup.tconstruct.casting":1,"stat.useItem.chisel.stonebrick1":275,"stat.pickup.sky_orchards.acorn_petrified":67,"stat.pickup.sky_orchards.resin_sand":208,"stat.craftItem.minecraft.prismarine_shard":0,"stat.craftItem.minecraft.iron_hoe":2,"stat.craftItem.inspirations.mulch":174,"stat.pickup.sky_orchards.sapling_cobalt":12,"stat.useItem.minecraft.trapped_chest":1,"stat.pickup.nuclearcraft.ore":27,"stat.pickup.resourcehogs.bacon":3,"stat.useItem.cyclicmagic.inventory_food":1,"stat.mineBlock.sky_orchards.leaves_sand":1519,"stat.pickup.minecraft.heavy_weighted_pressure_plate":14,"stat.pickup.chisel.futura":1,"stat.craftItem.sky_orchards.acorn_emerald":1728,"stat.pickup.sky_orchards.resin_tin":55,"stat.craftItem.tconstruct.materials":332,"stat.craftItem.mysticalagriculture.ultimate_reprocessor":0,"stat.craftItem.sky_orchards.amber_dirt":2,"stat.mineBlock.minecraft.gravel":30,"stat.drop.sky_orchards.amber_dirt":1,"stat.mineBlock.sky_orchards.log_bone":24,"stat.useItem.minecraft.torch":100,"stat.craftItem.minecraft.redstone_block":156,"stat.pickup.advancementbook.advancement_book":1,"stat.craftItem.minecraft.stone_stairs":92,"stat.useItem.minecraft.log":134,"stat.pickup.minecraft.crafting_table":2,"stat.craftItem.sky_orchards.acorn_lapis":1216,"stat.craftItem.minecraft.crafting_table":19,"stat.drop.minecraft.end_stone":4,"stat.pickup.industrialforegoing.sewage_composter_solidifier":2,"stat.pickup.cyclicmagic.dehydrator":2,"stat.useItem.mysticalagriculture.soulium_dagger":48,"stat.drop.minecraft.stonebrick":3,"stat.pickup.sky_orchards.acorn_sand":144,"stat.drop.minecraft.planks":1,"stat.pickup.sky_orchards.amber_tin":1,"stat.pickup.minecraft.sapling":39,"stat.pickup.mysticalagriculture.growth_accelerator":1,"stat.pickup.minecraft.beetroot":10,"stat.mineBlock.tconstruct.toolforge":1,"stat.craftItem.sky_orchards.acorn_petrified":4,"stat.killEntity.WitherSkeleton":167,"stat.useItem.minecraft.wooden_pressure_plate":13,"stat.pickup.sky_orchards.acorn_lapis":64,"stat.craftItem.minecraft.sugar":64,"stat.useItem.sky_orchards.sapling_coal":8,"stat.drop.sky_orchards.sapling_bacon":1,"stat.pickup.sky_orchards.sapling_diamond":1,"stat.drop.minecraft.bucket":1,"stat.useItem.minecraft.baked_potato":269,"stat.pickup.minecraft.stone_slab":7,"stat.craftItem.sky_orchards.sapling_prosperity":1,"stat.pickup.minecraft.yellow_flower":3,"stat.useItem.sky_orchards.sapling_dirt":13,"stat.drop.minecraft.wooden_axe":1,"stat.drop.minecraft.stone_pickaxe":1,"stat.pickup.minecraft.bone":468,"stat.craftItem.ceramics.unfired_clay":1,"stat.mineBlock.sky_orchards.leaves_gravel":657,"stat.pickup.chisel.planks-oak":8,"stat.mineBlock.cyclicmagic.fluid_pump":18,"stat.drop.minecraft.prismarine_crystals":2,"stat.pickup.sky_orchards.resin_dirt":63,"stat.useItem.minecraft.diamond_sword":214,"stat.pickup.rustic.ginseng":2,"stat.climbOneCm":103208,"stat.craftItem.minecraft.gold_block":15,"stat.mineBlock.mekanism.energycube":4,"stat.craftItem.inspirations.stone_crook":1,"stat.ae2.ItemsExtracted":8220,"stat.useItem.sky_orchards.sapling_bone":2,"stat.entityKilledBy.ranged_rogue_android":3,"stat.drop.minecraft.brick":58,"stat.useItem.cyclicmagic.block_vacuum":3,"stat.pickup.cyclicmagic.block_vacuum":1,"stat.craftItem.minecraft.bone_block":489,"stat.craftItem.sky_orchards.sapling_bone":4,"stat.craftItem.mysticalagriculture.inferium_reprocessor":0,"stat.craftItem.minecraft.trapdoor":120,"stat.craftItem.minecraft.stone_pickaxe":2,"stat.pickup.minecraft.cobblestone":1145,"stat.craftItem.mysticalagriculture.soulstone":96,"stat.craftItem.minecraft.glass_bottle":6,"stat.pickup.minecraft.soul_sand":1214,"stat.mineBlock.industrialforegoing.tree_fluid_extractor":6,"stat.pickup.sky_orchards.resin_coal":49,"stat.pickup.minecraft.cactus":31,"stat.pickup.minecraft.dragon_egg":1,"stat.pickup.sky_orchards.sapling_petrified":43,"stat.pickup.minecraft.redstone":2,"stat.craftItem.minecraft.dispenser":7,"stat.useItem.mekanism.transmitter":12,"stat.craftItem.minecraft.book":64,"stat.killEntity.ranged_rogue_android":84,"stat.drop.minecraft.dirt":4,"stat.useItem.minecraft.cooked_porkchop":1,"stat.pickup.minecraft.iron_shovel":1,"stat.pickup.minecraft.trapdoor":4,"stat.drop.cyclicmagic.ender_pearl_mounted":1,"stat.useItem.xlfoodmod.coffee":1,"stat.craftItem.tconstruct.soil":288,"stat.pickup.mekanism.biofuel":324,"stat.mineBlock.sky_orchards.leaves_clay":546,"stat.pickup.tp.melon_juice":5,"stat.pickup.mysticalagriculture.tinkering_table":1,"stat.pickup.minecraft.nether_star":30,"stat.pickup.minecraft.paper":18,"stat.craftItem.minecraft.stick":572,"stat.craftItem.minecraft.stained_hardened_clay":8,"stat.craftItem.minecraft.gold_nugget":117,"stat.drop.minecraft.leaves":38,"stat.useItem.mysticalagriculture.thorium_seeds":8,"stat.craftItem.minecraft.clay_ball":12,"stat.useItem.rustic.sapling_apple":2,"stat.craftItem.industrialforegoing.tree_fluid_extractor":0,"stat.mineBlock.minecraft.planks":342,"stat.drop":147,"stat.useItem.tconstruct.seared":40,"stat.pickup.minecraft.purpur_pillar":2,"stat.pickup.sky_orchards.acorn_cottonwood":47,"stat.pickup.cyclicmagic.fluid_pump":18,"stat.pickup.morecauldrons.cobble_cauldron":1,"stat.useItem.minecraft.apple":117,"stat.craftItem.mysticalagriculture.guardian_seeds":0,"stat.useItem.minecraft.potion":18,"stat.pickup.endercrop.ender_seeds":1,"stat.mineBlock.minecraft.purpur_pillar":2,"stat.pickup.minecraft.fence":49,"stat.useItem.minecraft.stone_axe":760,"stat.craftItem.minecraft.iron_helmet":4,"stat.useItem.sky_orchards.sapling_tin":7,"stat.pickup.farmingforblockheads.market":6,"stat.craftItem.mysticalagriculture.intermedium_reprocessor":0,"stat.mineBlock.cyclicmagic.item_pump":10,"stat.drop.inspirations.stone_crook":1,"stat.mineBlock.tconstruct.tooltables":10,"stat.craftItem.mysticalagriculture.gear":0,"stat.mineBlock.minecraft.leaves2":306,"stat.mineBlock.minecraft.stone_stairs":4,"stat.craftItem.minecraft.iron_bars":80,"stat.mineBlock.minecraft.furnace":1,"stat.pickup.minecraft.prismarine_shard":33,"stat.drop.minecraft.water_bucket":1,"stat.damageDealt":407102,"stat.craftItem.mysticalagradditions.insanium":2,"stat.craftItem.minecraft.anvil":0,"stat.mineBlock.minecraft.nether_brick_stairs":2,"stat.craftItem.minecraft.gravel":72,"stat.pickup.ceramics.clay_bucket":2,"stat.pickup.minecraft.stick":67,"stat.mineBlock.compactstorage.compactchest":3,"stat.craftItem.cyclicmagic.item_pipe":16,"stat.pickup.sky_orchards.acorn_clay":67,"stat.pickup.rustic.apple_seeds":3,"stat.pickup.cyclicmagic.inventory_food":1,"stat.craftItem.tp.growth_block":0,"stat.mineBlock.sky_orchards.log_gravel":81,"stat.mineBlock.bdsandm.metal_barrel":1,"stat.pickup.sky_orchards.acorn_gravel":76,"stat.craftItem.minecraft.redstone":54,"stat.killEntity.twilightforest.deer":4,"stat.pickup.chisel.quartz1":12,"stat.pickup.minecraft.chorus_fruit":14,"stat.useItem.minecraft.cactus":5,"stat.pickup.sky_orchards.sapling_silver":1,"stat.killEntity.Chicken":16,"stat.craftItem.mekanism.machineblock2":0,"stat.mineBlock.minecraft.quartz_ore":386,"stat.useItem.cyclicmagic.auto_crafter":4,"stat.craftItem.minecraft.fence":240,"stat.mineBlock.minecraft.leaves":481,"stat.mineBlock.tconstruct.seared":18,"stat.mineBlock.minecraft.bone_block":3,"stat.mineBlock.minecraft.hay_block":10,"stat.craftItem.minecraft.tripwire_hook":4,"stat.craftItem.minecraft.experience_bottle":1,"stat.craftItem.animalcrops.lily":7,"stat.mineBlock.matteroverdrive.tritanium_ore":2,"stat.leaveGame":16,"stat.drop.cyclicmagic.book_ender":1,"stat.pickup.sky_orchards.resin_prosperity":276,"stat.pickup.tconstruct.edible":1,"stat.craftItem.minecraft.ender_eye":2,"stat.mineBlock.farmingforblockheads.market":8,"stat.killEntity.PigZombie":69,"stat.drop.mysticalagriculture.supremium_sword":1,"stat.drop.deepmoblearning.simulation_chamber":1,"stat.pickup.sky_orchards.resin_cottonwood":79,"stat.pickup.sky_orchards.acorn_diamond":81,"stat.craftItem.sky_orchards.sapling_gravel":2,"stat.pickup.sky_orchards.sapling_dirt":35,"stat.mineBlock.twilightforest.cicada":3,"stat.pickup.mysticalagriculture.chunk":5,"stat.pickup.integrateddynamics.menril_sapling":1,"stat.killEntity.Witch":6,"stat.pickup.sky_orchards.resin_petrified":103,"stat.craftItem.mysticalagriculture.tinkering_table":0,"stat.pickup.twilightforest.cicada":3,"stat.craftItem.minecraft.wooden_pickaxe":1,"stat.useItem.tconstruct.ore":1,"stat.craftItem.mekanism.energycube":0,"stat.drop.minecraft.cooked_mutton":2,"stat.pickup.cyclicmagic.item_pump":10,"stat.mineBlock.minecraft.hopper":5,"stat.killEntity.ZombieVillager":6,"stat.craftItem.cyclicmagic.fluid_pipe":0,"stat.craftItem.industrialforegoing.dryrubber":52,"stat.drop.inspirations.potato_seeds":1,"stat.drop.sky_orchards.acorn_coal":4,"stat.pickup.minecraft.beef":25,"stat.craftItem.mysticalagriculture.crafting":19567,"stat.pickup.deepmoblearning.data_model_wither":1,"stat.pickup.industrialforegoing.tree_fluid_extractor":6,"stat.mineBlock.industrialforegoing.sewage_composter_solidifier":2,"stat.pickup.minecraft.cauldron":1,"stat.useItem.minecraft.trapdoor":114,"stat.pickup.inspirations.potato_seeds":3,"stat.mineBlock.minecraft.stained_hardened_clay":8,"stat.pickup.sky_orchards.sapling_coal":18,"stat.useItem.industrialforegoing.latex_processing_unit":2,"stat.mineBlock.sky_orchards.log_prosperity":201,"stat.pickup.minecraft.potion":52,"stat.craftItem.minecraft.dropper":12,"stat.useItem.minecraft.dye":1156,"stat.pickup.cyclicmagic.charm_air":4,"stat.craftItem.mysticalagriculture.supremium_sword":0,"stat.useItem.minecraft.nether_brick":11,"stat.drop.inspirations.sugar_cane_seeds":6,"stat.drop.minecraft.torch":1,"stat.pickup.cyclicmagic.block_hydrator":3,"stat.mineBlock.minecraft.tallgrass":87,"stat.pickup.tconstruct.seared":15,"stat.mineBlock.mekanism.machineblock2":18,"stat.pickup.mekanism.transmitter":11,"stat.pickup.minecraft.arrow":282,"stat.craftItem.mekanism.machineblock":0,"stat.craftItem.appliedenergistics2.part":0,"stat.pickup.minecraft.wooden_pressure_plate":8,"stat.killEntity.Ghast":2,"stat.useItem.minecraft.clay":13,"stat.useItem.sky_orchards.sapling_gravel":15,"stat.mineBlock.minecraft.chest":18,"stat.mineBlock.slabmachines.crafting_station_slab":2,"stat.pickup.minecraft.painting":19,"stat.pickup.darkutils.monolith":2,"stat.craftItem.minecraft.hopper":25,"stat.pickup.minecraft.nether_brick_fence":12,"stat.craftItem.cyclicmagic.trash":0,"stat.pickup.sky_orchards.sapling_tin":17,"stat.pickup.sky_orchards.acorn_redstone":64,"stat.craftItem.mysticalagriculture.superium_reprocessor":0,"stat.useItem.minecraft.reeds":10,"stat.mineBlock.cyclicmagic.fluid_pipe":14,"stat.pickup.minecraft.wheat_seeds":69,"stat.craftItem.sky_orchards.acorn_iron":5632,"stat.pickup.darkutils.material":52,"stat.craftItem.cyclicmagic.block_vacuum":4,"stat.mineBlock.minecraft.dirt":40,"stat.pickup.sky_orchards.acorn_iron":2224,"stat.pickup.minecraft.poisonous_potato":6,"stat.pickup.minecraft.brewing_stand":18,"stat.pickup.inspirations.carrot_seeds":1,"stat.useItem.minecraft.cobblestone":2180,"stat.useItem.minecraft.gravel":30,"stat.mineBlock.chisel.futura":1,"stat.pickup.matteroverdrive.tritanium_spine":1,"stat.pickup.cyclicmagic.auto_crafter":5,"stat.useItem.tconstruct.pickaxe":8242,"stat.mineBlock.minecraft.end_rod":1,"stat.craftItem.mob_grinding_utils.fan_upgrade":13,"stat.craftItem.minecraft.gold_ingot":108,"stat.pickup.minecraft.hopper":5,"stat.mineBlock.chisel.stonebrick1":112,"stat.craftItem.chisel.chisel_iron":2,"stat.craftItem.minecraft.brewing_stand":1,"stat.drop.deepmoblearning.deep_learner":2,"stat.pickup.minecraft.apple":206,"stat.mineBlock.sky_orchards.sapling_gravel":2,"stat.drop.rustic.apple_seeds":1,"stat.itemEnchanted":16,"stat.pickup.morecauldrons.oak_cauldron":1,"stat.mineBlock.minecraft.log":122,"stat.mineBlock.minecraft.heavy_weighted_pressure_plate":14,"stat.craftItem.appliedenergistics2.nether_quartz_cutting_knife":0,"stat.useItem.minecraft.wooden_door":1,"stat.pickup.rustic.sapling_apple":5,"stat.craftItem.minecraft.paper":258,"stat.useItem.cyclicmagic.fluid_pipe":30,"stat.pickup.minecraft.red_flower":3,"stat.mineBlock.sky_orchards.log_cottonwood":51,"stat.pickup.minecraft.wool":1,"stat.mineBlock.cyclicmagic.energy_pipe":40,"stat.useItem.minecraft.wooden_axe":59,"stat.useItem.sky_orchards.leaves_sand":3,"stat.craftItem.minecraft.trapped_chest":4,"stat.pickup.sky_orchards.resin_cobalt":14,"stat.craftItem.tconstruct.edible":384,"stat.drop.tconstruct.slime_sapling":2,"stat.mineBlock.minecraft.yellow_flower":3,"stat.useItem.minecraft.skull":56,"stat.craftItem.darkutils.pearl_block":32,"stat.pickup.pickletweaks.coal_piece":22,"stat.craftItem.integrateddynamics.facade":0,"stat.pickup.minecraft.writable_book":2,"stat.useItem.minecraft.obsidian":131,"stat.craftItem.xnet.facade":0,"stat.craftItem.mysticalagriculture.tier2_inferium_seeds":22,"stat.pickup.cyclicmagic.void_anvil":1,"stat.pickup.conarm.armorforge":1,"stat.craftItem.mysticalagriculture.supremium_apple":0,"stat.useItem.minecraft.egg":192,"stat.useItem.mob_grinding_utils.fan":3,"stat.mineBlock.minecraft.obsidian":1190,"stat.mineBlock.sky_orchards.leaves_dirt":683,"stat.craftItem.minecraft.bow":4,"stat.craftItem.cyclicmagic.item_pump":2,"stat.flyOneCm":5997301,"stat.pickup.minecraft.nether_brick_stairs":2,"stat.mineBlock.sky_orchards.leaves_coal":445,"stat.pickup.minecraft.fish":26,"stat.timeSinceDeath":1849996,"stat.drop.mysticalagriculture.tier1_inferium_seeds":1,"stat.useItem.cyclicmagic.block_user":2,"stat.killEntity.Bat":11,"stat.useItem.minecraft.potato":4,"stat.pickup.minecraft.nether_wart":81,"stat.craftItem.tconstruct.seared":33,"stat.mineBlock.minecraft.enchanting_table":1,"stat.pickup.deepmoblearning.data_model_wither_skeleton":1,"stat.drop.sky_orchards.sapling_bone":1,"stat.craftItem.minecraft.stone_hoe":5,"stat.drop.minecraft.baked_potato":2,"stat.useItem.tp.toasted_bread":1,"stat.pickup.minecraft.string":167,"stat.pickup.sky_orchards.amber_iron":36,"stat.mineBlock.minecraft.ladder":1,"stat.craftItem.mysticalagriculture.supremium_leggings":4,"stat.useItem.minecraft.written_book":3,"stat.craftItem.tconstruct.tooltables":29,"stat.pickup.sky_orchards.sapling_bacon":1,"stat.craftItem.minecraft.wooden_axe":1,"stat.pickup.minecraft.bone_block":1,"stat.pickup.mysticalagriculture.seed_reprocessor":3,"stat.craftItem.sky_orchards.acorn_redstone":1408,"stat.mineBlock.minecraft.diamond_ore":1,"stat.craftItem.mysticalagriculture.tier1_inferium_seeds":37,"stat.craftItem.minecraft.wooden_pressure_plate":15,"stat.pickup.tconstruct.ore":324,"stat.useItem.minecraft.ladder":61,"stat.killEntity.Guardian":15,"stat.diveOneCm":126903,"stat.pickup.chisel.stonebrick1":77,"stat.pickup.tconstruct.tooltables":9,"stat.craftItem.minecraft.ladder":63,"stat.mineBlock.industrialforegoing.animal_byproduct_recolector":1,"stat.pickup.minecraft.stone_axe":1,"stat.useItem.sky_orchards.acorn_cottonwood":66,"stat.pickup.mysticalagriculture.master_infusion_crystal":2,"stat.pickup.deepmoblearning.extraction_chamber":1,"stat.pickup.deepmoblearning.data_model_blaze":1,"stat.drop.minecraft.apple":1,"stat.pickup.matteroverdrive.tritanium_ore":2,"stat.craftItem.minecraft.diamond_sword":2,"stat.pickup.industrialforegoing.animal_byproduct_recolector":1,"stat.jump":11199,"stat.craftItem.mekanism.transmitter":0,"stat.craftItem.minecraft.torch":164,"stat.useItem.chisel.quartz1":71,"stat.craftItem.morebuckets.manyullyn_bucket":2,"stat.pickup.sky_orchards.resin_bone":100,"stat.useItem.minecraft.sapling":12,"stat.pickup.mysticalagriculture.tier4_inferium_seeds":42,"stat.damageTaken":22854,"stat.mineBlock.minecraft.sapling":2,"stat.pickup.minecraft.log2":72,"stat.pickup.minecraft.bed":2,"stat.useItem.cyclicmagic.tool_push":66,"stat.pickup.minecraft.potato":344,"stat.killEntity.Shulker":34,"stat.useItem.mob_grinding_utils.spikes":6,"stat.killEntity.Silverfish":1,"stat.craftItem.minecraft.stone_slab":714,"stat.animalsBred":10,"stat.useItem.minecraft.chest":16,"stat.pickup.sky_orchards.sapling_bone":12,"stat.pickup.statues.itemstatuecore":1,"stat.useItem.mysticalagriculture.supremium_sword":1,"stat.useItem.cyclicmagic.heart_food":3,"stat.craftItem.mysticalagriculture.supremium_boots":4,"stat.craftItem.rustic.crushing_tub":1,"stat.craftItem.minecraft.iron_chestplate":4,"stat.pickup.minecraft.baked_potato":2,"stat.pickup.minecraft.ender_pearl":21,"stat.pickup.minecraft.ladder":2,"stat.craftItem.cyclicmagic.fluid_pump":0,"stat.craftItem.minecraft.bookshelf":43,"stat.drop.cyclicmagic.charm_air":2,"stat.mineBlock.minecraft.stonebrick":52,"stat.killEntity.twilightforest.bighorn_sheep":1,"stat.mineBlock.minecraft.glowstone":55,"stat.pickup.twilightforest.raw_venison":8,"stat.craftItem.sky_orchards.acorn_clay":256,"stat.craftItem.minecraft.shears":1,"stat.useItem.minecraft.cobblestone_wall":59,"stat.useItem.minecraft.writable_book":2,"stat.pickup.deepmoblearning.deep_learner":3,"stat.pickup.minecraft.torch":55,"stat.drop.minecraft.stone_axe":6,"stat.drop.minecraft.arrow":1,"stat.useItem.sky_orchards.sapling_cottonwood":4,"stat.useItem.tp.melon_juice":5,"stat.useItem.cyclicmagic.sprinkler":3,"stat.mineBlock.mysticalagriculture.tinkering_table":1,"stat.useItem.minecraft.planks":357,"stat.mineBlock.sky_orchards.leaves_tin":387,"stat.craftItem.sky_orchards.sapling_petrified":1,"stat.pickup.minecraft.porkchop":5,"stat.pickup.minecraft.glass":26,"stat.useItem.sky_orchards.sapling_prosperity":63,"stat.useItem.minecraft.water_bucket":31,"stat.pickup.minecraft.sand":31,"stat.entityKilledBy.Spider":2,"stat.craftItem.mekanism.basicblock":0,"stat.pickup.nuclearcraft.water_source":2,"stat.aviateOneCm":2193644,"stat.pickup.bdsandm.metal_barrel":1,"stat.useItem.minecraft.ender_pearl":4,"stat.craftItem.cyclicmagic.sprinkler":18,"stat.drop.realfilingcabinet.folder":1,"stat.craftItem.minecraft.blaze_powder":34,"stat.craftItem.mysticalagriculture.seed_reprocessor":2,"stat.craftItem.minecraft.hardened_clay":11,"stat.drop.ceramics.clay_bucket":1,"stat.useItem.minecraft.oak_stairs":8,"stat.craftItem.minecraft.golden_carrot":10,"stat.pickup.xlfoodmod.lettuce_seeds":4,"stat.pickup.nuclearcraft.cooler":1,"stat.pickup.minecraft.furnace":1,"stat.pickup.deepmoblearning.data_model_guardian":1,"stat.pickup.minecraft.end_rod":1,"stat.pickup.minecraft.iron_chestplate":2,"stat.useItem.minecraft.stone_stairs":19,"stat.pickup.minecraft.skull":33,"stat.pickup.fluxnetworks.fluxpoint":6,"stat.useItem.tconstruct.seared_glass":10,"stat.craftItem.minecraft.sand":152,"stat.useItem.minecraft.hopper":4,"stat.craftItem.minecraft.heavy_weighted_pressure_plate":1,"stat.playOneMinute":3508316,"stat.pickup.tconstruct.rack":12,"stat.craftItem.mysticalagriculture.growth_accelerator":282,"stat.craftItem.mysticalagriculture.soulium_dagger":0,"stat.drop.cyclicmagic.dehydrator":1,"stat.drop.tconstruct.shuriken":4,"stat.craftItem.tp.growth_upgrade":0,"stat.craftItem.mysticalagriculture.tier5_inferium_seeds":4,"stat.mineBlock.minecraft.netherrack":2440,"stat.killEntity.twilightforest.death_tome":18,"stat.useItem.industrialforegoing.potion_enervator":1,"stat.craftItem.mysticalagriculture.chunk":0,"stat.pickup.rustic.leaves_apple":17,"stat.craftItem.mob_grinding_utils.spikes":5,"stat.craftItem.minecraft.iron_nugget":18,"stat.fallOneCm":809290,"stat.pickup.industrialforegoing.potion_enervator":1,"stat.drop.minecraft.dye":1,"stat.craftItem.minecraft.chest":172,"stat.useItem.minecraft.nether_brick_fence":2,"stat.mineBlock.minecraft.lever":2,"stat.pickup.minecraft.red_mushroom":2,"stat.useItem.minecraft.iron_hoe":247,"stat.craftItem.sky_orchards.acorn_cottonwood":386,"stat.pickup.sky_orchards.sapling_sand":88,"stat.mineBlock.nuclearcraft.ore":27,"stat.pickup.telepastries.end_cake":1,"stat.pickup.minecraft.feather":42,"stat.mineBlock.conarm.armorforge":1,"stat.pickup.sky_orchards.sapling_gold":1,"stat.pickup.matteroverdrive.weapon_module_barrel":1,"stat.craftItem.integrateddynamics.crystalized_menril_block":0,"stat.mineBlock.sky_orchards.sapling_petrified":1,"stat.useItem.minecraft.stone_pickaxe":133,"stat.craftItem.minecraft.iron_leggings":2,"stat.pickup.mob_grinding_utils.fan":7,"stat.craftItem.minecraft.oak_stairs":40,"stat.craftItem.sky_orchards.amber_tin":4,"stat.pickup.sky_orchards.sapling_prosperity":157,"stat.drop.minecraft.stick":2,"stat.pickup.twilightforest.trophy":1,"stat.drop.sky_orchards.acorn_sand":1,"stat.mineBlock.minecraft.monster_egg":1,"stat.useItem.minecraft.bone_block":3,"stat.pickup.cyclicmagic.heart_food":1,"stat.mineBlock.sky_orchards.sapling_coal":1,"stat.killEntity.LavaSlime":37,"stat.pickup.minecraft.log":1237,"stat.pickup.matteroverdrive.rogue_android_part":33,"stat.craftItem.mob_grinding_utils.fan":16,"stat.pickup.minecraft.tallgrass":41,"stat.craftItem.sky_orchards.acorn_sand":518,"stat.useItem.mysticalagriculture.guardian_seeds":18,"stat.pickup.minecraft.wooden_door":2,"stat.killEntity.rogue_android":77,"stat.drop.nuclearcraft.water_source":2,"stat.mineBlock.sky_orchards.log_clay":58,"stat.useItem.minecraft.stone_hoe":94,"stat.craftItem.sky_orchards.acorn_diamond":4046,"stat.sneakTime":95779,"stat.mineBlock.minecraft.cobblestone_wall":30,"stat.entityKilledBy.Blaze":3,"stat.useItem.minecraft.brewing_stand":17,"stat.mineBlock.chisel.quartz1":13,"stat.craftItem.slabmachines.workbench_slab":2,"stat.pickup.minecraft.chest":48,"stat.craftItem.minecraft.enchanting_table":1,"stat.useItem.mysticalagriculture.tier1_inferium_seeds":257,"stat.craftItem.cyclicmagic.void_anvil":0,"stat.mineBlock.mysticalagriculture.growth_accelerator":6,"stat.drop.cyclicmagic.tool_rotate":1,"stat.craftItem.minecraft.stone_brick_stairs":0,"stat.pickup.sky_orchards.amber_gold":1,"stat.craftItem.sky_orchards.amber_iron":711,"stat.swimOneCm":57666,"stat.pickup.realfilingcabinet.folder":3,"stat.mineBlock.sky_orchards.log_cobalt":10,"stat.useItem.minecraft.dirt":164,"stat.pickup.minecraft.enchanting_table":2,"stat.craftItem.cyclicmagic.dehydrator":1,"stat.pickup.minecraft.clay":2,"stat.craftItem.mysticalagriculture.ingot_storage":1,"stat.useItem.morebuckets.manyullyn_bucket":145,"stat.useItem.cyclicmagic.item_pump":15,"stat.pickup.sky_orchards.sapling_lead":2,"stat.craftItem.minecraft.wooden_slab":66,"stat.pickup.industrialforegoing.latex_processing_unit":6,"stat.craftItem.mekanism.electrolyticcore":0,"stat.mineBlock.cyclicmagic.auto_crafter":3,"stat.mineBlock.sky_orchards.leaves_cottonwood":543,"stat.useItem.minecraft.sign":1,"stat.pickup.minecraft.mutton":2,"stat.mineBlock.sky_orchards.sapling_sand":8,"stat.drop.tconstruct.tooltables":1,"stat.useItem.slabmachines.workbench_slab":1,"stat.craftItem.cyclicmagic.charm_air":13,"stat.mineBlock.minecraft.coal_block":1,"stat.mineBlock.mysticalagriculture.seed_reprocessor":4,"stat.pickup.minecraft.stonebrick":48,"stat.craftItem.industrialforegoing.latex_processing_unit":0,"stat.useItem.sky_orchards.sapling_clay":9,"stat.mineBlock.minecraft.nether_brick":32,"stat.craftItem.minecraft.brick_block":28,"stat.pickup.xlfoodmod.corn_seeds":2,"stat.craftItem.mekanism.energytablet":0,"stat.craftItem.minecraft.stone_slab2":4,"stat.pickup.sky_orchards.sapling_cottonwood":19,"stat.craftItem.mekanism.gastank":0,"stat.pickup.cyclicmagic.book_ender":1,"stat.craftItem.mysticalagriculture.supremium_reprocessor":0,"stat.useItem.minecraft.stone_slab":440,"stat.craftItem.minecraft.stone":1541,"stat.mineBlock.minecraft.crafting_table":2,"stat.useItem.minecraft.diamond_pickaxe":80,"stat.craftItem.industrialforegoing.potion_enervator":0,"stat.killEntity.Endermite":1,"stat.pickup.sky_orchards.amber_silver":1,"stat.useItem.integrateddynamics.facade":12,"stat.mineBlock.rustic.leaves_apple":108,"stat.craftItem.minecraft.diamond_pickaxe":1,"stat.useItem.mysticalagriculture.tier2_inferium_seeds":290,"stat.craftItem.minecraft.clay":102,"stat.pickup.integrateddynamics.crystalized_menril_chunk":51,"stat.mineBlock.sky_orchards.leaves_cobalt":108,"stat.craftItem.darkutils.monolith":2,"stat.pickup.tconstruct.toolforge":1,"stat.mineBlock.sky_orchards.leaves_bone":220,"stat.pickup.minecraft.gravel":6,"stat.useItem.minecraft.glass_bottle":88,"stat.pickup.sky_orchards.amber_lead":1,"stat.useItem.minecraft.diamond_axe":1218,"stat.pickup.cyclicmagic.tool_push":1,"stat.pickup.minecraft.purpur_stairs":2,"stat.useItem.mysticalagriculture.tier4_inferium_seeds":262,"stat.craftItem.minecraft.brick_stairs":8,"stat.pickup.minecraft.diamond_sword":2,"stat.pickup.minecraft.brick":35,"stat.pickup.sky_orchards.acorn_tin":36,"stat.craftItem.tconstruct.rack":15,"stat.pickup.minecraft.iron_helmet":1,"stat.useItem.tconstruct.tooltables":3,"stat.pickup.sky_orchards.sapling_redstone":1,"stat.craftItem.bonsaitrees.bonsaipot":17,"stat.craftItem.minecraft.bread":17,"stat.pickup.minecraft.spider_eye":75,"stat.useItem.mysticalagriculture.tier5_inferium_seeds":220,"stat.craftItem.tconstruct.book":1,"stat.useItem.sky_orchards.sapling_cobalt":1,"stat.mineBlock.industrialforegoing.potion_enervator":1,"stat.pickup.inspirations.sugar_cane_seeds":10,"stat.pickup.minecraft.leaves":53,"stat.drop.minecraft.iron_hoe":1,"stat.pickup.minecraft.leather":22,"stat.useItem.minecraft.wooden_pickaxe":2,"stat.pickup.mysticalagriculture.crafting":1300,"stat.pickup.minecraft.reeds":216,"stat.pickup.minecraft.prismarine_crystals":21,"stat.craftItem.slabmachines.crafting_station_slab":10,"stat.useItem.mysticalagriculture.tier3_inferium_seeds":199,"stat.pickup.tconstruct.materials":72,"stat.craftItem.minecraft.glass":38,"stat.sleepInBed":22,"stat.craftItem.minecraft.baked_potato":283,"stat.killEntity.Cow":6,"stat.killEntity.Pig":1,"stat.craftItem.minecraft.iron_sword":15,"stat.pickup.sky_orchards.acorn_bone":23,"stat.walkOneCm":2661049,"stat.drop.resourcehogs.mud_bucket":1,"stat.pickup.minecraft.clay_ball":567,"stat.mineBlock.cyclicmagic.block_vacuum":1,"stat.craftItem.mysticalagriculture.superium_apple":0,"stat.killEntity.statues:StatueBat":1,"stat.drop.minecraft.diamond_axe":2,"stat.drop.sky_orchards.sapling_coal":1,"stat.craftItem.minecraft.hay_block":4,"stat.useItem.minecraft.leaves":58,"stat.pickup.sky_orchards.sapling_gravel":35,"stat.killEntity.Skeleton":164,"stat.mineBlock.minecraft.cactus":6,"stat.craftItem.minecraft.skull":0,"stat.useItem.sky_orchards.acorn_clay":1,"stat.craftItem.cyclicmagic.energy_pipe":0,"stat.pickup.cyclicmagic.item_pipe":12,"stat.killEntity.Spider":65,"stat.pickup.minecraft.quartz":696,"stat.craftItem.cyclicmagic.tool_rotate":0,"stat.mineBlock.mob_grinding_utils.fan":7,"stat.craftItem.slabmachines.furnace_slab":4,"stat.mineBlock.tconstruct.casting":1,"stat.pickup.minecraft.elytra":2,"stat.mineBlock.chisel.planks-oak":10,"stat.craftItem.minecraft.brick":110,"stat.mineBlock.minecraft.stone":801,"stat.mineBlock.mob_grinding_utils.spikes":8}